TIdx,Time,NCells_S,NCells_R,NCells,DrugConcentration,rS,rR,mS,mR,dS,dR,dD_div_S,dD_div_R,dt,ReplicateId,InitSize,RFrac
0.0,0.0,30.0,220.0,250.0,0.0,0.55,0.29,0.0,0.0,0.275,0.275,0.9818181818181818,-0.24137931034482762,0.1,3.0,0.0,0.88
1.0,0.1,32.0,217.0,249.0,0.0,0.55,0.29,0.0,0.0,0.275,0.275,0.9818181818181818,-0.24137931034482762,0.1,3.0,0.0,0.88
2.0,0.2,33.0,217.0,250.0,0.0,0.55,0.29,0.0,0.0,0.275,0.275,0.9818181818181818,-0.24137931034482762,0.1,3.0,0.0,0.88
3.0,0.30000000000000004,33.0,219.0,252.0,0.0,0.55,0.29,0.0,0.0,0.275,0.275,0.9818181818181818,-0.24137931034482762,0.1,3.0,0.0,0.88
4.0,0.4,34.0,212.0,246.0,0.0,0.55,0.29,0.0,0.0,0.275,0.275,0.9818181818181818,-0.24137931034482762,0.1,3.0,0.0,0.88
5.0,0.5,37.0,207.0,244.0,0.0,0.55,0.29,0.0,0.0,0.275,0.275,0.9818181818181818,-0.24137931034482762,0.1,3.0,0.0,0.88
6.0,0.6000000000000001,37.0,208.0,245.0,0.0,0.55,0.29,0.0,0.0,0.275,0.275,0.9818181818181818,-0.24137931034482762,0.1,3.0,0.0,0.88
7.0,0.7000000000000001,40.0,206.0,246.0,0.0,0.55,0.29,0.0,0.0,0.275,0.275,0.9818181818181818,-0.24137931034482762,0.1,3.0,0.0,0.88
8.0,0.8,43.0,209.0,252.0,0.0,0.55,0.29,0.0,0.0,0.275,0.275,0.9818181818181818,-0.24137931034482762,0.1,3.0,0.0,0.88
9.0,0.9,43.0,211.0,254.0,0.0,0.55,0.29,0.0,0.0,0.275,0.275,0.9818181818181818,-0.24137931034482762,0.1,3.0,0.0,0.88
10.0,1.0,42.0,209.0,251.0,0.0,0.55,0.29,0.0,0.0,0.275,0.275,0.9818181818181818,-0.24137931034482762,0.1,3.0,0.0,0.88
11.0,1.1,40.0,211.0,251.0,0.0,0.55,0.29,0.0,0.0,0.275,0.275,0.9818181818181818,-0.24137931034482762,0.1,3.0,0.0,0.88
12.0,1.2000000000000002,41.0,212.0,253.0,0.0,0.55,0.29,0.0,0.0,0.275,0.275,0.9818181818181818,-0.24137931034482762,0.1,3.0,0.0,0.88
13.0,1.3,38.0,217.0,255.0,0.0,0.55,0.29,0.0,0.0,0.275,0.275,0.9818181818181818,-0.24137931034482762,0.1,3.0,0.0,0.88
14.0,1.4000000000000001,35.0,219.0,254.0,0.0,0.55,0.29,0.0,0.0,0.275,0.275,0.9818181818181818,-0.24137931034482762,0.1,3.0,0.0,0.88
15.0,1.5,36.0,231.0,267.0,0.0,0.55,0.29,0.0,0.0,0.275,0.275,0.9818181818181818,-0.24137931034482762,0.1,3.0,0.0,0.88
16.0,1.6,38.0,233.0,271.0,0.0,0.55,0.29,0.0,0.0,0.275,0.275,0.9818181818181818,-0.24137931034482762,0.1,3.0,0.0,0.88
17.0,1.7000000000000002,40.0,225.0,265.0,0.0,0.55,0.29,0.0,0.0,0.275,0.275,0.9818181818181818,-0.24137931034482762,0.1,3.0,0.0,0.88
18.0,1.8,41.0,229.0,270.0,0.0,0.55,0.29,0.0,0.0,0.275,0.275,0.9818181818181818,-0.24137931034482762,0.1,3.0,0.0,0.88
19.0,1.9000000000000001,42.0,233.0,275.0,0.0,0.55,0.29,0.0,0.0,0.275,0.275,0.9818181818181818,-0.24137931034482762,0.1,3.0,0.0,0.88
20.0,2.0,43.0,236.0,279.0,0.0,0.55,0.29,0.0,0.0,0.275,0.275,0.9818181818181818,-0.24137931034482762,0.1,3.0,0.0,0.88
21.0,2.1,47.0,235.0,282.0,0.0,0.55,0.29,0.0,0.0,0.275,0.275,0.9818181818181818,-0.24137931034482762,0.1,3.0,0.0,0.88
22.0,2.2,48.0,238.0,286.0,0.0,0.55,0.29,0.0,0.0,0.275,0.275,0.9818181818181818,-0.24137931034482762,0.1,3.0,0.0,0.88
23.0,2.3000000000000003,47.0,234.0,281.0,0.0,0.55,0.29,0.0,0.0,0.275,0.275,0.9818181818181818,-0.24137931034482762,0.1,3.0,0.0,0.88
24.0,2.4000000000000004,42.0,238.0,280.0,0.0,0.55,0.29,0.0,0.0,0.275,0.275,0.9818181818181818,-0.24137931034482762,0.1,3.0,0.0,0.88
25.0,2.5,40.0,236.0,276.0,0.0,0.55,0.29,0.0,0.0,0.275,0.275,0.9818181818181818,-0.24137931034482762,0.1,3.0,0.0,0.88
26.0,2.6,39.0,234.0,273.0,0.0,0.55,0.29,0.0,0.0,0.275,0.275,0.9818181818181818,-0.24137931034482762,0.1,3.0,0.0,0.88
27.0,2.7,43.0,235.0,278.0,0.0,0.55,0.29,0.0,0.0,0.275,0.275,0.9818181818181818,-0.24137931034482762,0.1,3.0,0.0,0.88
28.0,2.8000000000000003,46.0,228.0,274.0,0.0,0.55,0.29,0.0,0.0,0.275,0.275,0.9818181818181818,-0.24137931034482762,0.1,3.0,0.0,0.88
29.0,2.9000000000000004,50.0,228.0,278.0,0.0,0.55,0.29,0.0,0.0,0.275,0.275,0.9818181818181818,-0.24137931034482762,0.1,3.0,0.0,0.88
30.0,3.0,53.0,232.0,285.0,0.0,0.55,0.29,0.0,0.0,0.275,0.275,0.9818181818181818,-0.24137931034482762,0.1,3.0,0.0,0.88
31.0,3.1,53.0,238.0,291.0,0.0,0.55,0.29,0.0,0.0,0.275,0.275,0.9818181818181818,-0.24137931034482762,0.1,3.0,0.0,0.88
32.0,3.2,57.0,236.0,293.0,0.0,0.55,0.29,0.0,0.0,0.275,0.275,0.9818181818181818,-0.24137931034482762,0.1,3.0,0.0,0.88
33.0,3.3000000000000003,61.0,233.0,294.0,0.0,0.55,0.29,0.0,0.0,0.275,0.275,0.9818181818181818,-0.24137931034482762,0.1,3.0,0.0,0.88
34.0,3.4000000000000004,67.0,234.0,301.0,0.0,0.55,0.29,0.0,0.0,0.275,0.275,0.9818181818181818,-0.24137931034482762,0.1,3.0,0.0,0.88
35.0,3.5,70.0,236.0,306.0,0.0,0.55,0.29,0.0,0.0,0.275,0.275,0.9818181818181818,-0.24137931034482762,0.1,3.0,0.0,0.88
36.0,3.6,79.0,234.0,313.0,0.0,0.55,0.29,0.0,0.0,0.275,0.275,0.9818181818181818,-0.24137931034482762,0.1,3.0,0.0,0.88
37.0,3.7,82.0,231.0,313.0,0.0,0.55,0.29,0.0,0.0,0.275,0.275,0.9818181818181818,-0.24137931034482762,0.1,3.0,0.0,0.88
38.0,3.8000000000000003,83.0,232.0,315.0,0.0,0.55,0.29,0.0,0.0,0.275,0.275,0.9818181818181818,-0.24137931034482762,0.1,3.0,0.0,0.88
39.0,3.9000000000000004,91.0,227.0,318.0,0.0,0.55,0.29,0.0,0.0,0.275,0.275,0.9818181818181818,-0.24137931034482762,0.1,3.0,0.0,0.88
40.0,4.0,96.0,226.0,322.0,0.0,0.55,0.29,0.0,0.0,0.275,0.275,0.9818181818181818,-0.24137931034482762,0.1,3.0,0.0,0.88
41.0,4.1000000000000005,99.0,229.0,328.0,0.0,0.55,0.29,0.0,0.0,0.275,0.275,0.9818181818181818,-0.24137931034482762,0.1,3.0,0.0,0.88
42.0,4.2,107.0,225.0,332.0,0.0,0.55,0.29,0.0,0.0,0.275,0.275,0.9818181818181818,-0.24137931034482762,0.1,3.0,0.0,0.88
43.0,4.3,108.0,224.0,332.0,0.0,0.55,0.29,0.0,0.0,0.275,0.275,0.9818181818181818,-0.24137931034482762,0.1,3.0,0.0,0.88
44.0,4.4,109.0,234.0,343.0,0.0,0.55,0.29,0.0,0.0,0.275,0.275,0.9818181818181818,-0.24137931034482762,0.1,3.0,0.0,0.88
45.0,4.5,110.0,233.0,343.0,0.0,0.55,0.29,0.0,0.0,0.275,0.275,0.9818181818181818,-0.24137931034482762,0.1,3.0,0.0,0.88
46.0,4.6000000000000005,116.0,235.0,351.0,0.0,0.55,0.29,0.0,0.0,0.275,0.275,0.9818181818181818,-0.24137931034482762,0.1,3.0,0.0,0.88
47.0,4.7,119.0,240.0,359.0,0.0,0.55,0.29,0.0,0.0,0.275,0.275,0.9818181818181818,-0.24137931034482762,0.1,3.0,0.0,0.88
48.0,4.800000000000001,124.0,239.0,363.0,0.0,0.55,0.29,0.0,0.0,0.275,0.275,0.9818181818181818,-0.24137931034482762,0.1,3.0,0.0,0.88
49.0,4.9,126.0,239.0,365.0,0.0,0.55,0.29,0.0,0.0,0.275,0.275,0.9818181818181818,-0.24137931034482762,0.1,3.0,0.0,0.88
50.0,5.0,128.0,233.0,361.0,0.0,0.55,0.29,0.0,0.0,0.275,0.275,0.9818181818181818,-0.24137931034482762,0.1,3.0,0.0,0.88
51.0,5.1000000000000005,136.0,232.0,368.0,0.0,0.55,0.29,0.0,0.0,0.275,0.275,0.9818181818181818,-0.24137931034482762,0.1,3.0,0.0,0.88
52.0,5.2,139.0,236.0,375.0,0.0,0.55,0.29,0.0,0.0,0.275,0.275,0.9818181818181818,-0.24137931034482762,0.1,3.0,0.0,0.88
53.0,5.300000000000001,140.0,231.0,371.0,0.0,0.55,0.29,0.0,0.0,0.275,0.275,0.9818181818181818,-0.24137931034482762,0.1,3.0,0.0,0.88
54.0,5.4,143.0,233.0,376.0,0.0,0.55,0.29,0.0,0.0,0.275,0.275,0.9818181818181818,-0.24137931034482762,0.1,3.0,0.0,0.88
55.0,5.5,140.0,241.0,381.0,0.0,0.55,0.29,0.0,0.0,0.275,0.275,0.9818181818181818,-0.24137931034482762,0.1,3.0,0.0,0.88
56.0,5.6000000000000005,144.0,247.0,391.0,0.0,0.55,0.29,0.0,0.0,0.275,0.275,0.9818181818181818,-0.24137931034482762,0.1,3.0,0.0,0.88
57.0,5.7,147.0,248.0,395.0,0.0,0.55,0.29,0.0,0.0,0.275,0.275,0.9818181818181818,-0.24137931034482762,0.1,3.0,0.0,0.88
58.0,5.800000000000001,143.0,249.0,392.0,0.0,0.55,0.29,0.0,0.0,0.275,0.275,0.9818181818181818,-0.24137931034482762,0.1,3.0,0.0,0.88
59.0,5.9,146.0,248.0,394.0,0.0,0.55,0.29,0.0,0.0,0.275,0.275,0.9818181818181818,-0.24137931034482762,0.1,3.0,0.0,0.88
60.0,6.0,147.0,252.0,399.0,0.0,0.55,0.29,0.0,0.0,0.275,0.275,0.9818181818181818,-0.24137931034482762,0.1,3.0,0.0,0.88
61.0,6.1000000000000005,155.0,257.0,412.0,0.0,0.55,0.29,0.0,0.0,0.275,0.275,0.9818181818181818,-0.24137931034482762,0.1,3.0,0.0,0.88
62.0,6.2,161.0,252.0,413.0,0.0,0.55,0.29,0.0,0.0,0.275,0.275,0.9818181818181818,-0.24137931034482762,0.1,3.0,0.0,0.88
63.0,6.300000000000001,164.0,255.0,419.0,0.0,0.55,0.29,0.0,0.0,0.275,0.275,0.9818181818181818,-0.24137931034482762,0.1,3.0,0.0,0.88
64.0,6.4,171.0,252.0,423.0,0.0,0.55,0.29,0.0,0.0,0.275,0.275,0.9818181818181818,-0.24137931034482762,0.1,3.0,0.0,0.88
65.0,6.5,176.0,252.0,428.0,0.0,0.55,0.29,0.0,0.0,0.275,0.275,0.9818181818181818,-0.24137931034482762,0.1,3.0,0.0,0.88
66.0,6.6000000000000005,176.0,256.0,432.0,0.0,0.55,0.29,0.0,0.0,0.275,0.275,0.9818181818181818,-0.24137931034482762,0.1,3.0,0.0,0.88
67.0,6.7,185.0,260.0,445.0,0.0,0.55,0.29,0.0,0.0,0.275,0.275,0.9818181818181818,-0.24137931034482762,0.1,3.0,0.0,0.88
68.0,6.800000000000001,184.0,254.0,438.0,0.0,0.55,0.29,0.0,0.0,0.275,0.275,0.9818181818181818,-0.24137931034482762,0.1,3.0,0.0,0.88
69.0,6.9,190.0,258.0,448.0,0.0,0.55,0.29,0.0,0.0,0.275,0.275,0.9818181818181818,-0.24137931034482762,0.1,3.0,0.0,0.88
70.0,7.0,188.0,260.0,448.0,0.0,0.55,0.29,0.0,0.0,0.275,0.275,0.9818181818181818,-0.24137931034482762,0.1,3.0,0.0,0.88
71.0,7.1000000000000005,192.0,252.0,444.0,0.0,0.55,0.29,0.0,0.0,0.275,0.275,0.9818181818181818,-0.24137931034482762,0.1,3.0,0.0,0.88
72.0,7.2,201.0,253.0,454.0,0.0,0.55,0.29,0.0,0.0,0.275,0.275,0.9818181818181818,-0.24137931034482762,0.1,3.0,0.0,0.88
73.0,7.300000000000001,207.0,246.0,453.0,0.0,0.55,0.29,0.0,0.0,0.275,0.275,0.9818181818181818,-0.24137931034482762,0.1,3.0,0.0,0.88
74.0,7.4,213.0,243.0,456.0,0.0,0.55,0.29,0.0,0.0,0.275,0.275,0.9818181818181818,-0.24137931034482762,0.1,3.0,0.0,0.88
75.0,7.5,215.0,250.0,465.0,0.0,0.55,0.29,0.0,0.0,0.275,0.275,0.9818181818181818,-0.24137931034482762,0.1,3.0,0.0,0.88
76.0,7.6000000000000005,215.0,245.0,460.0,0.0,0.55,0.29,0.0,0.0,0.275,0.275,0.9818181818181818,-0.24137931034482762,0.1,3.0,0.0,0.88
77.0,7.7,217.0,250.0,467.0,0.0,0.55,0.29,0.0,0.0,0.275,0.275,0.9818181818181818,-0.24137931034482762,0.1,3.0,0.0,0.88
78.0,7.800000000000001,230.0,254.0,484.0,0.0,0.55,0.29,0.0,0.0,0.275,0.275,0.9818181818181818,-0.24137931034482762,0.1,3.0,0.0,0.88
79.0,7.9,239.0,250.0,489.0,0.0,0.55,0.29,0.0,0.0,0.275,0.275,0.9818181818181818,-0.24137931034482762,0.1,3.0,0.0,0.88
80.0,8.0,250.0,249.0,499.0,0.0,0.55,0.29,0.0,0.0,0.275,0.275,0.9818181818181818,-0.24137931034482762,0.1,3.0,0.0,0.88
81.0,8.1,249.0,253.0,502.0,0.0,0.55,0.29,0.0,0.0,0.275,0.275,0.9818181818181818,-0.24137931034482762,0.1,3.0,0.0,0.88
82.0,8.200000000000001,262.0,249.0,511.0,0.0,0.55,0.29,0.0,0.0,0.275,0.275,0.9818181818181818,-0.24137931034482762,0.1,3.0,0.0,0.88
83.0,8.3,266.0,247.0,513.0,0.0,0.55,0.29,0.0,0.0,0.275,0.275,0.9818181818181818,-0.24137931034482762,0.1,3.0,0.0,0.88
84.0,8.4,267.0,247.0,514.0,0.0,0.55,0.29,0.0,0.0,0.275,0.275,0.9818181818181818,-0.24137931034482762,0.1,3.0,0.0,0.88
85.0,8.5,269.0,244.0,513.0,0.0,0.55,0.29,0.0,0.0,0.275,0.275,0.9818181818181818,-0.24137931034482762,0.1,3.0,0.0,0.88
86.0,8.6,272.0,245.0,517.0,0.0,0.55,0.29,0.0,0.0,0.275,0.275,0.9818181818181818,-0.24137931034482762,0.1,3.0,0.0,0.88
87.0,8.700000000000001,271.0,236.0,507.0,0.0,0.55,0.29,0.0,0.0,0.275,0.275,0.9818181818181818,-0.24137931034482762,0.1,3.0,0.0,0.88
88.0,8.8,277.0,231.0,508.0,0.0,0.55,0.29,0.0,0.0,0.275,0.275,0.9818181818181818,-0.24137931034482762,0.1,3.0,0.0,0.88
89.0,8.9,285.0,235.0,520.0,0.0,0.55,0.29,0.0,0.0,0.275,0.275,0.9818181818181818,-0.24137931034482762,0.1,3.0,0.0,0.88
90.0,9.0,296.0,233.0,529.0,0.0,0.55,0.29,0.0,0.0,0.275,0.275,0.9818181818181818,-0.24137931034482762,0.1,3.0,0.0,0.88
91.0,9.1,307.0,233.0,540.0,0.0,0.55,0.29,0.0,0.0,0.275,0.275,0.9818181818181818,-0.24137931034482762,0.1,3.0,0.0,0.88
92.0,9.200000000000001,307.0,231.0,538.0,0.0,0.55,0.29,0.0,0.0,0.275,0.275,0.9818181818181818,-0.24137931034482762,0.1,3.0,0.0,0.88
93.0,9.3,313.0,234.0,547.0,0.0,0.55,0.29,0.0,0.0,0.275,0.275,0.9818181818181818,-0.24137931034482762,0.1,3.0,0.0,0.88
94.0,9.4,314.0,233.0,547.0,0.0,0.55,0.29,0.0,0.0,0.275,0.275,0.9818181818181818,-0.24137931034482762,0.1,3.0,0.0,0.88
95.0,9.5,317.0,232.0,549.0,0.0,0.55,0.29,0.0,0.0,0.275,0.275,0.9818181818181818,-0.24137931034482762,0.1,3.0,0.0,0.88
96.0,9.600000000000001,321.0,231.0,552.0,0.0,0.55,0.29,0.0,0.0,0.275,0.275,0.9818181818181818,-0.24137931034482762,0.1,3.0,0.0,0.88
97.0,9.700000000000001,321.0,233.0,554.0,0.0,0.55,0.29,0.0,0.0,0.275,0.275,0.9818181818181818,-0.24137931034482762,0.1,3.0,0.0,0.88
98.0,9.8,335.0,234.0,569.0,0.0,0.55,0.29,0.0,0.0,0.275,0.275,0.9818181818181818,-0.24137931034482762,0.1,3.0,0.0,0.88
99.0,9.9,357.0,232.0,589.0,0.0,0.55,0.29,0.0,0.0,0.275,0.275,0.9818181818181818,-0.24137931034482762,0.1,3.0,0.0,0.88
100.0,10.0,364.0,234.0,598.0,0.0,0.55,0.29,0.0,0.0,0.275,0.275,0.9818181818181818,-0.24137931034482762,0.1,3.0,0.0,0.88
101.0,10.100000000000001,358.0,233.0,591.0,1.0,0.55,0.29,0.0,0.0,0.275,0.275,0.9818181818181818,-0.24137931034482762,0.1,3.0,0.0,0.88
102.0,10.200000000000001,350.0,238.0,588.0,1.0,0.55,0.29,0.0,0.0,0.275,0.275,0.9818181818181818,-0.24137931034482762,0.1,3.0,0.0,0.88
103.0,10.3,337.0,237.0,574.0,1.0,0.55,0.29,0.0,0.0,0.275,0.275,0.9818181818181818,-0.24137931034482762,0.1,3.0,0.0,0.88
104.0,10.4,326.0,242.0,568.0,1.0,0.55,0.29,0.0,0.0,0.275,0.275,0.9818181818181818,-0.24137931034482762,0.1,3.0,0.0,0.88
105.0,10.5,321.0,243.0,564.0,1.0,0.55,0.29,0.0,0.0,0.275,0.275,0.9818181818181818,-0.24137931034482762,0.1,3.0,0.0,0.88
106.0,10.600000000000001,312.0,241.0,553.0,1.0,0.55,0.29,0.0,0.0,0.275,0.275,0.9818181818181818,-0.24137931034482762,0.1,3.0,0.0,0.88
107.0,10.700000000000001,306.0,243.0,549.0,1.0,0.55,0.29,0.0,0.0,0.275,0.275,0.9818181818181818,-0.24137931034482762,0.1,3.0,0.0,0.88
108.0,10.8,300.0,244.0,544.0,1.0,0.55,0.29,0.0,0.0,0.275,0.275,0.9818181818181818,-0.24137931034482762,0.1,3.0,0.0,0.88
109.0,10.9,292.0,239.0,531.0,1.0,0.55,0.29,0.0,0.0,0.275,0.275,0.9818181818181818,-0.24137931034482762,0.1,3.0,0.0,0.88
110.0,11.0,282.0,250.0,532.0,1.0,0.55,0.29,0.0,0.0,0.275,0.275,0.9818181818181818,-0.24137931034482762,0.1,3.0,0.0,0.88
111.0,11.100000000000001,274.0,252.0,526.0,1.0,0.55,0.29,0.0,0.0,0.275,0.275,0.9818181818181818,-0.24137931034482762,0.1,3.0,0.0,0.88
112.0,11.200000000000001,267.0,253.0,520.0,1.0,0.55,0.29,0.0,0.0,0.275,0.275,0.9818181818181818,-0.24137931034482762,0.1,3.0,0.0,0.88
113.0,11.3,263.0,259.0,522.0,1.0,0.55,0.29,0.0,0.0,0.275,0.275,0.9818181818181818,-0.24137931034482762,0.1,3.0,0.0,0.88
114.0,11.4,256.0,261.0,517.0,1.0,0.55,0.29,0.0,0.0,0.275,0.275,0.9818181818181818,-0.24137931034482762,0.1,3.0,0.0,0.88
115.0,11.5,251.0,254.0,505.0,1.0,0.55,0.29,0.0,0.0,0.275,0.275,0.9818181818181818,-0.24137931034482762,0.1,3.0,0.0,0.88
116.0,11.600000000000001,242.0,255.0,497.0,1.0,0.55,0.29,0.0,0.0,0.275,0.275,0.9818181818181818,-0.24137931034482762,0.1,3.0,0.0,0.88
117.0,11.700000000000001,231.0,262.0,493.0,1.0,0.55,0.29,0.0,0.0,0.275,0.275,0.9818181818181818,-0.24137931034482762,0.1,3.0,0.0,0.88
118.0,11.8,225.0,267.0,492.0,1.0,0.55,0.29,0.0,0.0,0.275,0.275,0.9818181818181818,-0.24137931034482762,0.1,3.0,0.0,0.88
119.0,11.9,220.0,268.0,488.0,1.0,0.55,0.29,0.0,0.0,0.275,0.275,0.9818181818181818,-0.24137931034482762,0.1,3.0,0.0,0.88
120.0,12.0,217.0,270.0,487.0,1.0,0.55,0.29,0.0,0.0,0.275,0.275,0.9818181818181818,-0.24137931034482762,0.1,3.0,0.0,0.88
121.0,12.100000000000001,209.0,279.0,488.0,1.0,0.55,0.29,0.0,0.0,0.275,0.275,0.9818181818181818,-0.24137931034482762,0.1,3.0,0.0,0.88
122.0,12.200000000000001,207.0,284.0,491.0,1.0,0.55,0.29,0.0,0.0,0.275,0.275,0.9818181818181818,-0.24137931034482762,0.1,3.0,0.0,0.88
123.0,12.3,201.0,290.0,491.0,1.0,0.55,0.29,0.0,0.0,0.275,0.275,0.9818181818181818,-0.24137931034482762,0.1,3.0,0.0,0.88
124.0,12.4,193.0,293.0,486.0,1.0,0.55,0.29,0.0,0.0,0.275,0.275,0.9818181818181818,-0.24137931034482762,0.1,3.0,0.0,0.88
125.0,12.5,190.0,294.0,484.0,1.0,0.55,0.29,0.0,0.0,0.275,0.275,0.9818181818181818,-0.24137931034482762,0.1,3.0,0.0,0.88
126.0,12.600000000000001,188.0,300.0,488.0,1.0,0.55,0.29,0.0,0.0,0.275,0.275,0.9818181818181818,-0.24137931034482762,0.1,3.0,0.0,0.88
127.0,12.700000000000001,184.0,301.0,485.0,1.0,0.55,0.29,0.0,0.0,0.275,0.275,0.9818181818181818,-0.24137931034482762,0.1,3.0,0.0,0.88
128.0,12.8,180.0,305.0,485.0,1.0,0.55,0.29,0.0,0.0,0.275,0.275,0.9818181818181818,-0.24137931034482762,0.1,3.0,0.0,0.88
129.0,12.9,173.0,310.0,483.0,1.0,0.55,0.29,0.0,0.0,0.275,0.275,0.9818181818181818,-0.24137931034482762,0.1,3.0,0.0,0.88
130.0,13.0,165.0,312.0,477.0,1.0,0.55,0.29,0.0,0.0,0.275,0.275,0.9818181818181818,-0.24137931034482762,0.1,3.0,0.0,0.88
131.0,13.100000000000001,162.0,312.0,474.0,1.0,0.55,0.29,0.0,0.0,0.275,0.275,0.9818181818181818,-0.24137931034482762,0.1,3.0,0.0,0.88
132.0,13.200000000000001,154.0,320.0,474.0,1.0,0.55,0.29,0.0,0.0,0.275,0.275,0.9818181818181818,-0.24137931034482762,0.1,3.0,0.0,0.88
133.0,13.3,147.0,329.0,476.0,1.0,0.55,0.29,0.0,0.0,0.275,0.275,0.9818181818181818,-0.24137931034482762,0.1,3.0,0.0,0.88
134.0,13.4,141.0,341.0,482.0,1.0,0.55,0.29,0.0,0.0,0.275,0.275,0.9818181818181818,-0.24137931034482762,0.1,3.0,0.0,0.88
135.0,13.5,136.0,345.0,481.0,1.0,0.55,0.29,0.0,0.0,0.275,0.275,0.9818181818181818,-0.24137931034482762,0.1,3.0,0.0,0.88
136.0,13.600000000000001,134.0,350.0,484.0,1.0,0.55,0.29,0.0,0.0,0.275,0.275,0.9818181818181818,-0.24137931034482762,0.1,3.0,0.0,0.88
137.0,13.700000000000001,131.0,352.0,483.0,1.0,0.55,0.29,0.0,0.0,0.275,0.275,0.9818181818181818,-0.24137931034482762,0.1,3.0,0.0,0.88
138.0,13.8,127.0,359.0,486.0,1.0,0.55,0.29,0.0,0.0,0.275,0.275,0.9818181818181818,-0.24137931034482762,0.1,3.0,0.0,0.88
139.0,13.9,126.0,364.0,490.0,1.0,0.55,0.29,0.0,0.0,0.275,0.275,0.9818181818181818,-0.24137931034482762,0.1,3.0,0.0,0.88
140.0,14.0,123.0,366.0,489.0,1.0,0.55,0.29,0.0,0.0,0.275,0.275,0.9818181818181818,-0.24137931034482762,0.1,3.0,0.0,0.88
141.0,14.100000000000001,119.0,367.0,486.0,1.0,0.55,0.29,0.0,0.0,0.275,0.275,0.9818181818181818,-0.24137931034482762,0.1,3.0,0.0,0.88
142.0,14.200000000000001,112.0,374.0,486.0,1.0,0.55,0.29,0.0,0.0,0.275,0.275,0.9818181818181818,-0.24137931034482762,0.1,3.0,0.0,0.88
143.0,14.3,105.0,383.0,488.0,1.0,0.55,0.29,0.0,0.0,0.275,0.275,0.9818181818181818,-0.24137931034482762,0.1,3.0,0.0,0.88
144.0,14.4,103.0,390.0,493.0,1.0,0.55,0.29,0.0,0.0,0.275,0.275,0.9818181818181818,-0.24137931034482762,0.1,3.0,0.0,0.88
145.0,14.5,100.0,384.0,484.0,1.0,0.55,0.29,0.0,0.0,0.275,0.275,0.9818181818181818,-0.24137931034482762,0.1,3.0,0.0,0.88
146.0,14.600000000000001,96.0,377.0,473.0,1.0,0.55,0.29,0.0,0.0,0.275,0.275,0.9818181818181818,-0.24137931034482762,0.1,3.0,0.0,0.88
147.0,14.700000000000001,93.0,386.0,479.0,1.0,0.55,0.29,0.0,0.0,0.275,0.275,0.9818181818181818,-0.24137931034482762,0.1,3.0,0.0,0.88
148.0,14.8,88.0,388.0,476.0,1.0,0.55,0.29,0.0,0.0,0.275,0.275,0.9818181818181818,-0.24137931034482762,0.1,3.0,0.0,0.88
149.0,14.9,84.0,388.0,472.0,1.0,0.55,0.29,0.0,0.0,0.275,0.275,0.9818181818181818,-0.24137931034482762,0.1,3.0,0.0,0.88
150.0,15.0,82.0,387.0,469.0,1.0,0.55,0.29,0.0,0.0,0.275,0.275,0.9818181818181818,-0.24137931034482762,0.1,3.0,0.0,0.88
151.0,15.100000000000001,80.0,391.0,471.0,1.0,0.55,0.29,0.0,0.0,0.275,0.275,0.9818181818181818,-0.24137931034482762,0.1,3.0,0.0,0.88
152.0,15.200000000000001,78.0,391.0,469.0,1.0,0.55,0.29,0.0,0.0,0.275,0.275,0.9818181818181818,-0.24137931034482762,0.1,3.0,0.0,0.88
153.0,15.3,77.0,390.0,467.0,1.0,0.55,0.29,0.0,0.0,0.275,0.275,0.9818181818181818,-0.24137931034482762,0.1,3.0,0.0,0.88
154.0,15.4,76.0,396.0,472.0,1.0,0.55,0.29,0.0,0.0,0.275,0.275,0.9818181818181818,-0.24137931034482762,0.1,3.0,0.0,0.88
155.0,15.5,71.0,399.0,470.0,1.0,0.55,0.29,0.0,0.0,0.275,0.275,0.9818181818181818,-0.24137931034482762,0.1,3.0,0.0,0.88
156.0,15.600000000000001,69.0,401.0,470.0,1.0,0.55,0.29,0.0,0.0,0.275,0.275,0.9818181818181818,-0.24137931034482762,0.1,3.0,0.0,0.88
157.0,15.700000000000001,68.0,404.0,472.0,1.0,0.55,0.29,0.0,0.0,0.275,0.275,0.9818181818181818,-0.24137931034482762,0.1,3.0,0.0,0.88
158.0,15.8,66.0,399.0,465.0,1.0,0.55,0.29,0.0,0.0,0.275,0.275,0.9818181818181818,-0.24137931034482762,0.1,3.0,0.0,0.88
159.0,15.9,63.0,403.0,466.0,1.0,0.55,0.29,0.0,0.0,0.275,0.275,0.9818181818181818,-0.24137931034482762,0.1,3.0,0.0,0.88
160.0,16.0,62.0,404.0,466.0,1.0,0.55,0.29,0.0,0.0,0.275,0.275,0.9818181818181818,-0.24137931034482762,0.1,3.0,0.0,0.88
161.0,16.1,62.0,408.0,470.0,1.0,0.55,0.29,0.0,0.0,0.275,0.275,0.9818181818181818,-0.24137931034482762,0.1,3.0,0.0,0.88
162.0,16.2,61.0,406.0,467.0,1.0,0.55,0.29,0.0,0.0,0.275,0.275,0.9818181818181818,-0.24137931034482762,0.1,3.0,0.0,0.88
163.0,16.3,61.0,419.0,480.0,1.0,0.55,0.29,0.0,0.0,0.275,0.275,0.9818181818181818,-0.24137931034482762,0.1,3.0,0.0,0.88
164.0,16.400000000000002,60.0,428.0,488.0,1.0,0.55,0.29,0.0,0.0,0.275,0.275,0.9818181818181818,-0.24137931034482762,0.1,3.0,0.0,0.88
165.0,16.5,59.0,432.0,491.0,1.0,0.55,0.29,0.0,0.0,0.275,0.275,0.9818181818181818,-0.24137931034482762,0.1,3.0,0.0,0.88
166.0,16.6,59.0,435.0,494.0,1.0,0.55,0.29,0.0,0.0,0.275,0.275,0.9818181818181818,-0.24137931034482762,0.1,3.0,0.0,0.88
167.0,16.7,59.0,439.0,498.0,1.0,0.55,0.29,0.0,0.0,0.275,0.275,0.9818181818181818,-0.24137931034482762,0.1,3.0,0.0,0.88
168.0,16.8,58.0,444.0,502.0,1.0,0.55,0.29,0.0,0.0,0.275,0.275,0.9818181818181818,-0.24137931034482762,0.1,3.0,0.0,0.88
169.0,16.900000000000002,57.0,446.0,503.0,1.0,0.55,0.29,0.0,0.0,0.275,0.275,0.9818181818181818,-0.24137931034482762,0.1,3.0,0.0,0.88
170.0,17.0,53.0,454.0,507.0,1.0,0.55,0.29,0.0,0.0,0.275,0.275,0.9818181818181818,-0.24137931034482762,0.1,3.0,0.0,0.88
171.0,17.1,53.0,472.0,525.0,1.0,0.55,0.29,0.0,0.0,0.275,0.275,0.9818181818181818,-0.24137931034482762,0.1,3.0,0.0,0.88
172.0,17.2,52.0,474.0,526.0,1.0,0.55,0.29,0.0,0.0,0.275,0.275,0.9818181818181818,-0.24137931034482762,0.1,3.0,0.0,0.88
173.0,17.3,50.0,475.0,525.0,1.0,0.55,0.29,0.0,0.0,0.275,0.275,0.9818181818181818,-0.24137931034482762,0.1,3.0,0.0,0.88
174.0,17.400000000000002,50.0,485.0,535.0,1.0,0.55,0.29,0.0,0.0,0.275,0.275,0.9818181818181818,-0.24137931034482762,0.1,3.0,0.0,0.88
175.0,17.5,50.0,494.0,544.0,1.0,0.55,0.29,0.0,0.0,0.275,0.275,0.9818181818181818,-0.24137931034482762,0.1,3.0,0.0,0.88
176.0,17.6,48.0,499.0,547.0,1.0,0.55,0.29,0.0,0.0,0.275,0.275,0.9818181818181818,-0.24137931034482762,0.1,3.0,0.0,0.88
177.0,17.7,46.0,508.0,554.0,1.0,0.55,0.29,0.0,0.0,0.275,0.275,0.9818181818181818,-0.24137931034482762,0.1,3.0,0.0,0.88
178.0,17.8,42.0,508.0,550.0,1.0,0.55,0.29,0.0,0.0,0.275,0.275,0.9818181818181818,-0.24137931034482762,0.1,3.0,0.0,0.88
179.0,17.900000000000002,41.0,504.0,545.0,1.0,0.55,0.29,0.0,0.0,0.275,0.275,0.9818181818181818,-0.24137931034482762,0.1,3.0,0.0,0.88
180.0,18.0,41.0,510.0,551.0,1.0,0.55,0.29,0.0,0.0,0.275,0.275,0.9818181818181818,-0.24137931034482762,0.1,3.0,0.0,0.88
181.0,18.1,41.0,521.0,562.0,1.0,0.55,0.29,0.0,0.0,0.275,0.275,0.9818181818181818,-0.24137931034482762,0.1,3.0,0.0,0.88
182.0,18.2,38.0,531.0,569.0,1.0,0.55,0.29,0.0,0.0,0.275,0.275,0.9818181818181818,-0.24137931034482762,0.1,3.0,0.0,0.88
183.0,18.3,36.0,532.0,568.0,1.0,0.55,0.29,0.0,0.0,0.275,0.275,0.9818181818181818,-0.24137931034482762,0.1,3.0,0.0,0.88
184.0,18.400000000000002,37.0,539.0,576.0,1.0,0.55,0.29,0.0,0.0,0.275,0.275,0.9818181818181818,-0.24137931034482762,0.1,3.0,0.0,0.88
185.0,18.5,36.0,540.0,576.0,1.0,0.55,0.29,0.0,0.0,0.275,0.275,0.9818181818181818,-0.24137931034482762,0.1,3.0,0.0,0.88
186.0,18.6,36.0,549.0,585.0,1.0,0.55,0.29,0.0,0.0,0.275,0.275,0.9818181818181818,-0.24137931034482762,0.1,3.0,0.0,0.88
187.0,18.7,36.0,554.0,590.0,1.0,0.55,0.29,0.0,0.0,0.275,0.275,0.9818181818181818,-0.24137931034482762,0.1,3.0,0.0,0.88
188.0,18.8,34.0,560.0,594.0,1.0,0.55,0.29,0.0,0.0,0.275,0.275,0.9818181818181818,-0.24137931034482762,0.1,3.0,0.0,0.88
189.0,18.900000000000002,33.0,562.0,595.0,1.0,0.55,0.29,0.0,0.0,0.275,0.275,0.9818181818181818,-0.24137931034482762,0.1,3.0,0.0,0.88
190.0,19.0,31.0,563.0,594.0,1.0,0.55,0.29,0.0,0.0,0.275,0.275,0.9818181818181818,-0.24137931034482762,0.1,3.0,0.0,0.88
191.0,19.1,30.0,575.0,605.0,1.0,0.55,0.29,0.0,0.0,0.275,0.275,0.9818181818181818,-0.24137931034482762,0.1,3.0,0.0,0.88
192.0,19.200000000000003,29.0,592.0,621.0,1.0,0.55,0.29,0.0,0.0,0.275,0.275,0.9818181818181818,-0.24137931034482762,0.1,3.0,0.0,0.88
193.0,19.3,29.0,594.0,623.0,1.0,0.55,0.29,0.0,0.0,0.275,0.275,0.9818181818181818,-0.24137931034482762,0.1,3.0,0.0,0.88
194.0,19.400000000000002,29.0,608.0,637.0,1.0,0.55,0.29,0.0,0.0,0.275,0.275,0.9818181818181818,-0.24137931034482762,0.1,3.0,0.0,0.88
195.0,19.5,29.0,617.0,646.0,1.0,0.55,0.29,0.0,0.0,0.275,0.275,0.9818181818181818,-0.24137931034482762,0.1,3.0,0.0,0.88
196.0,19.6,28.0,625.0,653.0,1.0,0.55,0.29,0.0,0.0,0.275,0.275,0.9818181818181818,-0.24137931034482762,0.1,3.0,0.0,0.88
197.0,19.700000000000003,28.0,619.0,647.0,1.0,0.55,0.29,0.0,0.0,0.275,0.275,0.9818181818181818,-0.24137931034482762,0.1,3.0,0.0,0.88
198.0,19.8,25.0,627.0,652.0,1.0,0.55,0.29,0.0,0.0,0.275,0.275,0.9818181818181818,-0.24137931034482762,0.1,3.0,0.0,0.88
199.0,19.900000000000002,23.0,626.0,649.0,1.0,0.55,0.29,0.0,0.0,0.275,0.275,0.9818181818181818,-0.24137931034482762,0.1,3.0,0.0,0.88
200.0,20.0,22.0,635.0,657.0,1.0,0.55,0.29,0.0,0.0,0.275,0.275,0.9818181818181818,-0.24137931034482762,0.1,3.0,0.0,0.88
201.0,20.1,21.0,624.0,645.0,1.0,0.55,0.29,0.0,0.0,0.275,0.275,0.9818181818181818,-0.24137931034482762,0.1,3.0,0.0,0.88
202.0,20.200000000000003,20.0,629.0,649.0,1.0,0.55,0.29,0.0,0.0,0.275,0.275,0.9818181818181818,-0.24137931034482762,0.1,3.0,0.0,0.88
203.0,20.3,19.0,643.0,662.0,1.0,0.55,0.29,0.0,0.0,0.275,0.275,0.9818181818181818,-0.24137931034482762,0.1,3.0,0.0,0.88
204.0,20.400000000000002,20.0,651.0,671.0,1.0,0.55,0.29,0.0,0.0,0.275,0.275,0.9818181818181818,-0.24137931034482762,0.1,3.0,0.0,0.88
205.0,20.5,20.0,661.0,681.0,1.0,0.55,0.29,0.0,0.0,0.275,0.275,0.9818181818181818,-0.24137931034482762,0.1,3.0,0.0,0.88
206.0,20.6,20.0,676.0,696.0,1.0,0.55,0.29,0.0,0.0,0.275,0.275,0.9818181818181818,-0.24137931034482762,0.1,3.0,0.0,0.88
207.0,20.700000000000003,20.0,686.0,706.0,1.0,0.55,0.29,0.0,0.0,0.275,0.275,0.9818181818181818,-0.24137931034482762,0.1,3.0,0.0,0.88
208.0,20.8,19.0,693.0,712.0,1.0,0.55,0.29,0.0,0.0,0.275,0.275,0.9818181818181818,-0.24137931034482762,0.1,3.0,0.0,0.88
209.0,20.900000000000002,18.0,705.0,723.0,1.0,0.55,0.29,0.0,0.0,0.275,0.275,0.9818181818181818,-0.24137931034482762,0.1,3.0,0.0,0.88
210.0,21.0,17.0,717.0,734.0,1.0,0.55,0.29,0.0,0.0,0.275,0.275,0.9818181818181818,-0.24137931034482762,0.1,3.0,0.0,0.88
211.0,21.1,15.0,718.0,733.0,1.0,0.55,0.29,0.0,0.0,0.275,0.275,0.9818181818181818,-0.24137931034482762,0.1,3.0,0.0,0.88
212.0,21.200000000000003,14.0,725.0,739.0,1.0,0.55,0.29,0.0,0.0,0.275,0.275,0.9818181818181818,-0.24137931034482762,0.1,3.0,0.0,0.88
213.0,21.3,13.0,725.0,738.0,1.0,0.55,0.29,0.0,0.0,0.275,0.275,0.9818181818181818,-0.24137931034482762,0.1,3.0,0.0,0.88
214.0,21.400000000000002,13.0,724.0,737.0,1.0,0.55,0.29,0.0,0.0,0.275,0.275,0.9818181818181818,-0.24137931034482762,0.1,3.0,0.0,0.88
215.0,21.5,13.0,726.0,739.0,1.0,0.55,0.29,0.0,0.0,0.275,0.275,0.9818181818181818,-0.24137931034482762,0.1,3.0,0.0,0.88
216.0,21.6,12.0,735.0,747.0,1.0,0.55,0.29,0.0,0.0,0.275,0.275,0.9818181818181818,-0.24137931034482762,0.1,3.0,0.0,0.88
217.0,21.700000000000003,12.0,745.0,757.0,1.0,0.55,0.29,0.0,0.0,0.275,0.275,0.9818181818181818,-0.24137931034482762,0.1,3.0,0.0,0.88
218.0,21.8,12.0,746.0,758.0,1.0,0.55,0.29,0.0,0.0,0.275,0.275,0.9818181818181818,-0.24137931034482762,0.1,3.0,0.0,0.88
219.0,21.900000000000002,11.0,758.0,769.0,1.0,0.55,0.29,0.0,0.0,0.275,0.275,0.9818181818181818,-0.24137931034482762,0.1,3.0,0.0,0.88
220.0,22.0,11.0,761.0,772.0,1.0,0.55,0.29,0.0,0.0,0.275,0.275,0.9818181818181818,-0.24137931034482762,0.1,3.0,0.0,0.88
221.0,22.1,11.0,760.0,771.0,1.0,0.55,0.29,0.0,0.0,0.275,0.275,0.9818181818181818,-0.24137931034482762,0.1,3.0,0.0,0.88
222.0,22.200000000000003,11.0,777.0,788.0,1.0,0.55,0.29,0.0,0.0,0.275,0.275,0.9818181818181818,-0.24137931034482762,0.1,3.0,0.0,0.88
223.0,22.3,11.0,786.0,797.0,1.0,0.55,0.29,0.0,0.0,0.275,0.275,0.9818181818181818,-0.24137931034482762,0.1,3.0,0.0,0.88
224.0,22.400000000000002,11.0,785.0,796.0,1.0,0.55,0.29,0.0,0.0,0.275,0.275,0.9818181818181818,-0.24137931034482762,0.1,3.0,0.0,0.88
225.0,22.5,11.0,800.0,811.0,1.0,0.55,0.29,0.0,0.0,0.275,0.275,0.9818181818181818,-0.24137931034482762,0.1,3.0,0.0,0.88
226.0,22.6,11.0,805.0,816.0,1.0,0.55,0.29,0.0,0.0,0.275,0.275,0.9818181818181818,-0.24137931034482762,0.1,3.0,0.0,0.88
227.0,22.700000000000003,11.0,811.0,822.0,1.0,0.55,0.29,0.0,0.0,0.275,0.275,0.9818181818181818,-0.24137931034482762,0.1,3.0,0.0,0.88
228.0,22.8,11.0,816.0,827.0,1.0,0.55,0.29,0.0,0.0,0.275,0.275,0.9818181818181818,-0.24137931034482762,0.1,3.0,0.0,0.88
229.0,22.900000000000002,10.0,824.0,834.0,1.0,0.55,0.29,0.0,0.0,0.275,0.275,0.9818181818181818,-0.24137931034482762,0.1,3.0,0.0,0.88
230.0,23.0,10.0,829.0,839.0,1.0,0.55,0.29,0.0,0.0,0.275,0.275,0.9818181818181818,-0.24137931034482762,0.1,3.0,0.0,0.88
231.0,23.1,10.0,839.0,849.0,1.0,0.55,0.29,0.0,0.0,0.275,0.275,0.9818181818181818,-0.24137931034482762,0.1,3.0,0.0,0.88
232.0,23.200000000000003,10.0,846.0,856.0,1.0,0.55,0.29,0.0,0.0,0.275,0.275,0.9818181818181818,-0.24137931034482762,0.1,3.0,0.0,0.88
233.0,23.3,9.0,852.0,861.0,1.0,0.55,0.29,0.0,0.0,0.275,0.275,0.9818181818181818,-0.24137931034482762,0.1,3.0,0.0,0.88
234.0,23.400000000000002,9.0,857.0,866.0,1.0,0.55,0.29,0.0,0.0,0.275,0.275,0.9818181818181818,-0.24137931034482762,0.1,3.0,0.0,0.88
235.0,23.5,7.0,867.0,874.0,1.0,0.55,0.29,0.0,0.0,0.275,0.275,0.9818181818181818,-0.24137931034482762,0.1,3.0,0.0,0.88
236.0,23.6,7.0,869.0,876.0,1.0,0.55,0.29,0.0,0.0,0.275,0.275,0.9818181818181818,-0.24137931034482762,0.1,3.0,0.0,0.88
237.0,23.700000000000003,7.0,865.0,872.0,1.0,0.55,0.29,0.0,0.0,0.275,0.275,0.9818181818181818,-0.24137931034482762,0.1,3.0,0.0,0.88
238.0,23.8,7.0,874.0,881.0,1.0,0.55,0.29,0.0,0.0,0.275,0.275,0.9818181818181818,-0.24137931034482762,0.1,3.0,0.0,0.88
239.0,23.900000000000002,7.0,883.0,890.0,1.0,0.55,0.29,0.0,0.0,0.275,0.275,0.9818181818181818,-0.24137931034482762,0.1,3.0,0.0,0.88
240.0,24.0,7.0,885.0,892.0,1.0,0.55,0.29,0.0,0.0,0.275,0.275,0.9818181818181818,-0.24137931034482762,0.1,3.0,0.0,0.88
241.0,24.1,7.0,901.0,908.0,1.0,0.55,0.29,0.0,0.0,0.275,0.275,0.9818181818181818,-0.24137931034482762,0.1,3.0,0.0,0.88
242.0,24.200000000000003,7.0,908.0,915.0,1.0,0.55,0.29,0.0,0.0,0.275,0.275,0.9818181818181818,-0.24137931034482762,0.1,3.0,0.0,0.88
243.0,24.3,7.0,921.0,928.0,1.0,0.55,0.29,0.0,0.0,0.275,0.275,0.9818181818181818,-0.24137931034482762,0.1,3.0,0.0,0.88
244.0,24.400000000000002,7.0,933.0,940.0,1.0,0.55,0.29,0.0,0.0,0.275,0.275,0.9818181818181818,-0.24137931034482762,0.1,3.0,0.0,0.88
245.0,24.5,7.0,931.0,938.0,1.0,0.55,0.29,0.0,0.0,0.275,0.275,0.9818181818181818,-0.24137931034482762,0.1,3.0,0.0,0.88
246.0,24.6,7.0,924.0,931.0,1.0,0.55,0.29,0.0,0.0,0.275,0.275,0.9818181818181818,-0.24137931034482762,0.1,3.0,0.0,0.88
247.0,24.700000000000003,6.0,930.0,936.0,1.0,0.55,0.29,0.0,0.0,0.275,0.275,0.9818181818181818,-0.24137931034482762,0.1,3.0,0.0,0.88
248.0,24.8,5.0,927.0,932.0,1.0,0.55,0.29,0.0,0.0,0.275,0.275,0.9818181818181818,-0.24137931034482762,0.1,3.0,0.0,0.88
249.0,24.900000000000002,5.0,928.0,933.0,1.0,0.55,0.29,0.0,0.0,0.275,0.275,0.9818181818181818,-0.24137931034482762,0.1,3.0,0.0,0.88
250.0,25.0,5.0,922.0,927.0,1.0,0.55,0.29,0.0,0.0,0.275,0.275,0.9818181818181818,-0.24137931034482762,0.1,3.0,0.0,0.88
251.0,25.1,5.0,930.0,935.0,1.0,0.55,0.29,0.0,0.0,0.275,0.275,0.9818181818181818,-0.24137931034482762,0.1,3.0,0.0,0.88
252.0,25.200000000000003,5.0,932.0,937.0,1.0,0.55,0.29,0.0,0.0,0.275,0.275,0.9818181818181818,-0.24137931034482762,0.1,3.0,0.0,0.88
253.0,25.3,5.0,935.0,940.0,1.0,0.55,0.29,0.0,0.0,0.275,0.275,0.9818181818181818,-0.24137931034482762,0.1,3.0,0.0,0.88
254.0,25.400000000000002,4.0,950.0,954.0,1.0,0.55,0.29,0.0,0.0,0.275,0.275,0.9818181818181818,-0.24137931034482762,0.1,3.0,0.0,0.88
255.0,25.5,4.0,948.0,952.0,1.0,0.55,0.29,0.0,0.0,0.275,0.275,0.9818181818181818,-0.24137931034482762,0.1,3.0,0.0,0.88
256.0,25.6,4.0,961.0,965.0,1.0,0.55,0.29,0.0,0.0,0.275,0.275,0.9818181818181818,-0.24137931034482762,0.1,3.0,0.0,0.88
257.0,25.700000000000003,4.0,958.0,962.0,1.0,0.55,0.29,0.0,0.0,0.275,0.275,0.9818181818181818,-0.24137931034482762,0.1,3.0,0.0,0.88
258.0,25.8,4.0,962.0,966.0,1.0,0.55,0.29,0.0,0.0,0.275,0.275,0.9818181818181818,-0.24137931034482762,0.1,3.0,0.0,0.88
259.0,25.900000000000002,4.0,974.0,978.0,1.0,0.55,0.29,0.0,0.0,0.275,0.275,0.9818181818181818,-0.24137931034482762,0.1,3.0,0.0,0.88
260.0,26.0,4.0,986.0,990.0,1.0,0.55,0.29,0.0,0.0,0.275,0.275,0.9818181818181818,-0.24137931034482762,0.1,3.0,0.0,0.88
261.0,26.1,3.0,975.0,978.0,1.0,0.55,0.29,0.0,0.0,0.275,0.275,0.9818181818181818,-0.24137931034482762,0.1,3.0,0.0,0.88
262.0,26.200000000000003,3.0,974.0,977.0,1.0,0.55,0.29,0.0,0.0,0.275,0.275,0.9818181818181818,-0.24137931034482762,0.1,3.0,0.0,0.88
263.0,26.3,3.0,965.0,968.0,1.0,0.55,0.29,0.0,0.0,0.275,0.275,0.9818181818181818,-0.24137931034482762,0.1,3.0,0.0,0.88
264.0,26.400000000000002,2.0,977.0,979.0,1.0,0.55,0.29,0.0,0.0,0.275,0.275,0.9818181818181818,-0.24137931034482762,0.1,3.0,0.0,0.88
265.0,26.5,2.0,982.0,984.0,1.0,0.55,0.29,0.0,0.0,0.275,0.275,0.9818181818181818,-0.24137931034482762,0.1,3.0,0.0,0.88
266.0,26.6,2.0,995.0,997.0,1.0,0.55,0.29,0.0,0.0,0.275,0.275,0.9818181818181818,-0.24137931034482762,0.1,3.0,0.0,0.88
267.0,26.700000000000003,2.0,997.0,999.0,1.0,0.55,0.29,0.0,0.0,0.275,0.275,0.9818181818181818,-0.24137931034482762,0.1,3.0,0.0,0.88
268.0,26.8,2.0,1007.0,1009.0,1.0,0.55,0.29,0.0,0.0,0.275,0.275,0.9818181818181818,-0.24137931034482762,0.1,3.0,0.0,0.88
269.0,26.900000000000002,2.0,1027.0,1029.0,1.0,0.55,0.29,0.0,0.0,0.275,0.275,0.9818181818181818,-0.24137931034482762,0.1,3.0,0.0,0.88
270.0,27.0,2.0,1039.0,1041.0,1.0,0.55,0.29,0.0,0.0,0.275,0.275,0.9818181818181818,-0.24137931034482762,0.1,3.0,0.0,0.88
271.0,27.1,2.0,1048.0,1050.0,1.0,0.55,0.29,0.0,0.0,0.275,0.275,0.9818181818181818,-0.24137931034482762,0.1,3.0,0.0,0.88
272.0,27.200000000000003,2.0,1044.0,1046.0,1.0,0.55,0.29,0.0,0.0,0.275,0.275,0.9818181818181818,-0.24137931034482762,0.1,3.0,0.0,0.88
273.0,27.3,2.0,1050.0,1052.0,1.0,0.55,0.29,0.0,0.0,0.275,0.275,0.9818181818181818,-0.24137931034482762,0.1,3.0,0.0,0.88
274.0,27.400000000000002,2.0,1051.0,1053.0,1.0,0.55,0.29,0.0,0.0,0.275,0.275,0.9818181818181818,-0.24137931034482762,0.1,3.0,0.0,0.88
275.0,27.5,2.0,1057.0,1059.0,1.0,0.55,0.29,0.0,0.0,0.275,0.275,0.9818181818181818,-0.24137931034482762,0.1,3.0,0.0,0.88
276.0,27.6,2.0,1076.0,1078.0,1.0,0.55,0.29,0.0,0.0,0.275,0.275,0.9818181818181818,-0.24137931034482762,0.1,3.0,0.0,0.88
277.0,27.700000000000003,2.0,1084.0,1086.0,1.0,0.55,0.29,0.0,0.0,0.275,0.275,0.9818181818181818,-0.24137931034482762,0.1,3.0,0.0,0.88
278.0,27.8,2.0,1101.0,1103.0,1.0,0.55,0.29,0.0,0.0,0.275,0.275,0.9818181818181818,-0.24137931034482762,0.1,3.0,0.0,0.88
279.0,27.900000000000002,2.0,1113.0,1115.0,1.0,0.55,0.29,0.0,0.0,0.275,0.275,0.9818181818181818,-0.24137931034482762,0.1,3.0,0.0,0.88
280.0,28.0,2.0,1122.0,1124.0,1.0,0.55,0.29,0.0,0.0,0.275,0.275,0.9818181818181818,-0.24137931034482762,0.1,3.0,0.0,0.88
281.0,28.1,2.0,1130.0,1132.0,1.0,0.55,0.29,0.0,0.0,0.275,0.275,0.9818181818181818,-0.24137931034482762,0.1,3.0,0.0,0.88
282.0,28.200000000000003,2.0,1131.0,1133.0,1.0,0.55,0.29,0.0,0.0,0.275,0.275,0.9818181818181818,-0.24137931034482762,0.1,3.0,0.0,0.88
283.0,28.3,2.0,1132.0,1134.0,1.0,0.55,0.29,0.0,0.0,0.275,0.275,0.9818181818181818,-0.24137931034482762,0.1,3.0,0.0,0.88
284.0,28.400000000000002,2.0,1140.0,1142.0,1.0,0.55,0.29,0.0,0.0,0.275,0.275,0.9818181818181818,-0.24137931034482762,0.1,3.0,0.0,0.88
285.0,28.5,2.0,1143.0,1145.0,1.0,0.55,0.29,0.0,0.0,0.275,0.275,0.9818181818181818,-0.24137931034482762,0.1,3.0,0.0,0.88
286.0,28.6,1.0,1148.0,1149.0,1.0,0.55,0.29,0.0,0.0,0.275,0.275,0.9818181818181818,-0.24137931034482762,0.1,3.0,0.0,0.88
287.0,28.700000000000003,1.0,1156.0,1157.0,1.0,0.55,0.29,0.0,0.0,0.275,0.275,0.9818181818181818,-0.24137931034482762,0.1,3.0,0.0,0.88
288.0,28.8,1.0,1166.0,1167.0,1.0,0.55,0.29,0.0,0.0,0.275,0.275,0.9818181818181818,-0.24137931034482762,0.1,3.0,0.0,0.88
289.0,28.900000000000002,1.0,1174.0,1175.0,1.0,0.55,0.29,0.0,0.0,0.275,0.275,0.9818181818181818,-0.24137931034482762,0.1,3.0,0.0,0.88
290.0,29.0,1.0,1172.0,1173.0,1.0,0.55,0.29,0.0,0.0,0.275,0.275,0.9818181818181818,-0.24137931034482762,0.1,3.0,0.0,0.88
291.0,29.1,1.0,1165.0,1166.0,1.0,0.55,0.29,0.0,0.0,0.275,0.275,0.9818181818181818,-0.24137931034482762,0.1,3.0,0.0,0.88
292.0,29.200000000000003,1.0,1188.0,1189.0,1.0,0.55,0.29,0.0,0.0,0.275,0.275,0.9818181818181818,-0.24137931034482762,0.1,3.0,0.0,0.88
293.0,29.3,1.0,1196.0,1197.0,1.0,0.55,0.29,0.0,0.0,0.275,0.275,0.9818181818181818,-0.24137931034482762,0.1,3.0,0.0,0.88
294.0,29.400000000000002,1.0,1201.0,1202.0,1.0,0.55,0.29,0.0,0.0,0.275,0.275,0.9818181818181818,-0.24137931034482762,0.1,3.0,0.0,0.88
295.0,29.5,1.0,1212.0,1213.0,1.0,0.55,0.29,0.0,0.0,0.275,0.275,0.9818181818181818,-0.24137931034482762,0.1,3.0,0.0,0.88
296.0,29.6,1.0,1225.0,1226.0,1.0,0.55,0.29,0.0,0.0,0.275,0.275,0.9818181818181818,-0.24137931034482762,0.1,3.0,0.0,0.88
297.0,29.700000000000003,1.0,1224.0,1225.0,1.0,0.55,0.29,0.0,0.0,0.275,0.275,0.9818181818181818,-0.24137931034482762,0.1,3.0,0.0,0.88
298.0,29.8,1.0,1238.0,1239.0,1.0,0.55,0.29,0.0,0.0,0.275,0.275,0.9818181818181818,-0.24137931034482762,0.1,3.0,0.0,0.88
299.0,29.900000000000002,1.0,1236.0,1237.0,1.0,0.55,0.29,0.0,0.0,0.275,0.275,0.9818181818181818,-0.24137931034482762,0.1,3.0,0.0,0.88
300.0,30.0,1.0,1238.0,1239.0,1.0,0.55,0.29,0.0,0.0,0.275,0.275,0.9818181818181818,-0.24137931034482762,0.1,3.0,0.0,0.88
301.0,30.1,1.0,1260.0,1261.0,1.0,0.55,0.29,0.0,0.0,0.275,0.275,0.9818181818181818,-0.24137931034482762,0.1,3.0,0.0,0.88
302.0,30.200000000000003,1.0,1265.0,1266.0,1.0,0.55,0.29,0.0,0.0,0.275,0.275,0.9818181818181818,-0.24137931034482762,0.1,3.0,0.0,0.88
303.0,30.3,1.0,1280.0,1281.0,1.0,0.55,0.29,0.0,0.0,0.275,0.275,0.9818181818181818,-0.24137931034482762,0.1,3.0,0.0,0.88
304.0,30.400000000000002,1.0,1293.0,1294.0,1.0,0.55,0.29,0.0,0.0,0.275,0.275,0.9818181818181818,-0.24137931034482762,0.1,3.0,0.0,0.88
305.0,30.5,1.0,1310.0,1311.0,1.0,0.55,0.29,0.0,0.0,0.275,0.275,0.9818181818181818,-0.24137931034482762,0.1,3.0,0.0,0.88
306.0,30.6,1.0,1314.0,1315.0,1.0,0.55,0.29,0.0,0.0,0.275,0.275,0.9818181818181818,-0.24137931034482762,0.1,3.0,0.0,0.88
307.0,30.700000000000003,1.0,1343.0,1344.0,1.0,0.55,0.29,0.0,0.0,0.275,0.275,0.9818181818181818,-0.24137931034482762,0.1,3.0,0.0,0.88
308.0,30.8,1.0,1342.0,1343.0,1.0,0.55,0.29,0.0,0.0,0.275,0.275,0.9818181818181818,-0.24137931034482762,0.1,3.0,0.0,0.88
309.0,30.900000000000002,1.0,1357.0,1358.0,1.0,0.55,0.29,0.0,0.0,0.275,0.275,0.9818181818181818,-0.24137931034482762,0.1,3.0,0.0,0.88
310.0,31.0,1.0,1357.0,1358.0,1.0,0.55,0.29,0.0,0.0,0.275,0.275,0.9818181818181818,-0.24137931034482762,0.1,3.0,0.0,0.88
311.0,31.1,1.0,1360.0,1361.0,1.0,0.55,0.29,0.0,0.0,0.275,0.275,0.9818181818181818,-0.24137931034482762,0.1,3.0,0.0,0.88
312.0,31.200000000000003,1.0,1370.0,1371.0,1.0,0.55,0.29,0.0,0.0,0.275,0.275,0.9818181818181818,-0.24137931034482762,0.1,3.0,0.0,0.88
313.0,31.3,1.0,1362.0,1363.0,1.0,0.55,0.29,0.0,0.0,0.275,0.275,0.9818181818181818,-0.24137931034482762,0.1,3.0,0.0,0.88
314.0,31.400000000000002,0.0,1400.0,1400.0,1.0,0.55,0.29,0.0,0.0,0.275,0.275,0.9818181818181818,-0.24137931034482762,0.1,3.0,0.0,0.88
315.0,31.5,0.0,1409.0,1409.0,1.0,0.55,0.29,0.0,0.0,0.275,0.275,0.9818181818181818,-0.24137931034482762,0.1,3.0,0.0,0.88
316.0,31.6,0.0,1419.0,1419.0,1.0,0.55,0.29,0.0,0.0,0.275,0.275,0.9818181818181818,-0.24137931034482762,0.1,3.0,0.0,0.88
317.0,31.700000000000003,0.0,1420.0,1420.0,1.0,0.55,0.29,0.0,0.0,0.275,0.275,0.9818181818181818,-0.24137931034482762,0.1,3.0,0.0,0.88
318.0,31.8,0.0,1432.0,1432.0,1.0,0.55,0.29,0.0,0.0,0.275,0.275,0.9818181818181818,-0.24137931034482762,0.1,3.0,0.0,0.88
319.0,31.900000000000002,0.0,1441.0,1441.0,1.0,0.55,0.29,0.0,0.0,0.275,0.275,0.9818181818181818,-0.24137931034482762,0.1,3.0,0.0,0.88
320.0,32.0,0.0,1458.0,1458.0,1.0,0.55,0.29,0.0,0.0,0.275,0.275,0.9818181818181818,-0.24137931034482762,0.1,3.0,0.0,0.88
321.0,32.1,0.0,1461.0,1461.0,1.0,0.55,0.29,0.0,0.0,0.275,0.275,0.9818181818181818,-0.24137931034482762,0.1,3.0,0.0,0.88
322.0,32.2,0.0,1461.0,1461.0,1.0,0.55,0.29,0.0,0.0,0.275,0.275,0.9818181818181818,-0.24137931034482762,0.1,3.0,0.0,0.88
323.0,32.300000000000004,0.0,1477.0,1477.0,1.0,0.55,0.29,0.0,0.0,0.275,0.275,0.9818181818181818,-0.24137931034482762,0.1,3.0,0.0,0.88
324.0,32.4,0.0,1486.0,1486.0,1.0,0.55,0.29,0.0,0.0,0.275,0.275,0.9818181818181818,-0.24137931034482762,0.1,3.0,0.0,0.88
325.0,32.5,0.0,1506.0,1506.0,1.0,0.55,0.29,0.0,0.0,0.275,0.275,0.9818181818181818,-0.24137931034482762,0.1,3.0,0.0,0.88
326.0,32.6,0.0,1507.0,1507.0,1.0,0.55,0.29,0.0,0.0,0.275,0.275,0.9818181818181818,-0.24137931034482762,0.1,3.0,0.0,0.88
327.0,32.7,0.0,1518.0,1518.0,1.0,0.55,0.29,0.0,0.0,0.275,0.275,0.9818181818181818,-0.24137931034482762,0.1,3.0,0.0,0.88
328.0,32.800000000000004,0.0,1516.0,1516.0,1.0,0.55,0.29,0.0,0.0,0.275,0.275,0.9818181818181818,-0.24137931034482762,0.1,3.0,0.0,0.88
329.0,32.9,0.0,1521.0,1521.0,1.0,0.55,0.29,0.0,0.0,0.275,0.275,0.9818181818181818,-0.24137931034482762,0.1,3.0,0.0,0.88
330.0,33.0,0.0,1518.0,1518.0,1.0,0.55,0.29,0.0,0.0,0.275,0.275,0.9818181818181818,-0.24137931034482762,0.1,3.0,0.0,0.88
331.0,33.1,0.0,1533.0,1533.0,1.0,0.55,0.29,0.0,0.0,0.275,0.275,0.9818181818181818,-0.24137931034482762,0.1,3.0,0.0,0.88
332.0,33.2,0.0,1528.0,1528.0,1.0,0.55,0.29,0.0,0.0,0.275,0.275,0.9818181818181818,-0.24137931034482762,0.1,3.0,0.0,0.88
333.0,33.300000000000004,0.0,1539.0,1539.0,1.0,0.55,0.29,0.0,0.0,0.275,0.275,0.9818181818181818,-0.24137931034482762,0.1,3.0,0.0,0.88
334.0,33.4,0.0,1540.0,1540.0,1.0,0.55,0.29,0.0,0.0,0.275,0.275,0.9818181818181818,-0.24137931034482762,0.1,3.0,0.0,0.88
335.0,33.5,0.0,1561.0,1561.0,1.0,0.55,0.29,0.0,0.0,0.275,0.275,0.9818181818181818,-0.24137931034482762,0.1,3.0,0.0,0.88
336.0,33.6,0.0,1575.0,1575.0,1.0,0.55,0.29,0.0,0.0,0.275,0.275,0.9818181818181818,-0.24137931034482762,0.1,3.0,0.0,0.88
337.0,33.7,0.0,1585.0,1585.0,1.0,0.55,0.29,0.0,0.0,0.275,0.275,0.9818181818181818,-0.24137931034482762,0.1,3.0,0.0,0.88
338.0,33.800000000000004,0.0,1595.0,1595.0,1.0,0.55,0.29,0.0,0.0,0.275,0.275,0.9818181818181818,-0.24137931034482762,0.1,3.0,0.0,0.88
339.0,33.9,0.0,1594.0,1594.0,1.0,0.55,0.29,0.0,0.0,0.275,0.275,0.9818181818181818,-0.24137931034482762,0.1,3.0,0.0,0.88
340.0,34.0,0.0,1607.0,1607.0,1.0,0.55,0.29,0.0,0.0,0.275,0.275,0.9818181818181818,-0.24137931034482762,0.1,3.0,0.0,0.88
341.0,34.1,0.0,1598.0,1598.0,1.0,0.55,0.29,0.0,0.0,0.275,0.275,0.9818181818181818,-0.24137931034482762,0.1,3.0,0.0,0.88
342.0,34.2,0.0,1624.0,1624.0,1.0,0.55,0.29,0.0,0.0,0.275,0.275,0.9818181818181818,-0.24137931034482762,0.1,3.0,0.0,0.88
343.0,34.300000000000004,0.0,1634.0,1634.0,1.0,0.55,0.29,0.0,0.0,0.275,0.275,0.9818181818181818,-0.24137931034482762,0.1,3.0,0.0,0.88
344.0,34.4,0.0,1648.0,1648.0,1.0,0.55,0.29,0.0,0.0,0.275,0.275,0.9818181818181818,-0.24137931034482762,0.1,3.0,0.0,0.88
345.0,34.5,0.0,1660.0,1660.0,1.0,0.55,0.29,0.0,0.0,0.275,0.275,0.9818181818181818,-0.24137931034482762,0.1,3.0,0.0,0.88
346.0,34.6,0.0,1667.0,1667.0,1.0,0.55,0.29,0.0,0.0,0.275,0.275,0.9818181818181818,-0.24137931034482762,0.1,3.0,0.0,0.88
347.0,34.7,0.0,1674.0,1674.0,1.0,0.55,0.29,0.0,0.0,0.275,0.275,0.9818181818181818,-0.24137931034482762,0.1,3.0,0.0,0.88
348.0,34.800000000000004,0.0,1677.0,1677.0,1.0,0.55,0.29,0.0,0.0,0.275,0.275,0.9818181818181818,-0.24137931034482762,0.1,3.0,0.0,0.88
349.0,34.9,0.0,1706.0,1706.0,1.0,0.55,0.29,0.0,0.0,0.275,0.275,0.9818181818181818,-0.24137931034482762,0.1,3.0,0.0,0.88
350.0,35.0,0.0,1702.0,1702.0,1.0,0.55,0.29,0.0,0.0,0.275,0.275,0.9818181818181818,-0.24137931034482762,0.1,3.0,0.0,0.88
351.0,35.1,0.0,1701.0,1701.0,1.0,0.55,0.29,0.0,0.0,0.275,0.275,0.9818181818181818,-0.24137931034482762,0.1,3.0,0.0,0.88
352.0,35.2,0.0,1703.0,1703.0,1.0,0.55,0.29,0.0,0.0,0.275,0.275,0.9818181818181818,-0.24137931034482762,0.1,3.0,0.0,0.88
353.0,35.300000000000004,0.0,1723.0,1723.0,1.0,0.55,0.29,0.0,0.0,0.275,0.275,0.9818181818181818,-0.24137931034482762,0.1,3.0,0.0,0.88
354.0,35.4,0.0,1719.0,1719.0,1.0,0.55,0.29,0.0,0.0,0.275,0.275,0.9818181818181818,-0.24137931034482762,0.1,3.0,0.0,0.88
355.0,35.5,0.0,1714.0,1714.0,1.0,0.55,0.29,0.0,0.0,0.275,0.275,0.9818181818181818,-0.24137931034482762,0.1,3.0,0.0,0.88
356.0,35.6,0.0,1716.0,1716.0,1.0,0.55,0.29,0.0,0.0,0.275,0.275,0.9818181818181818,-0.24137931034482762,0.1,3.0,0.0,0.88
357.0,35.7,0.0,1708.0,1708.0,1.0,0.55,0.29,0.0,0.0,0.275,0.275,0.9818181818181818,-0.24137931034482762,0.1,3.0,0.0,0.88
358.0,35.800000000000004,0.0,1705.0,1705.0,1.0,0.55,0.29,0.0,0.0,0.275,0.275,0.9818181818181818,-0.24137931034482762,0.1,3.0,0.0,0.88
359.0,35.9,0.0,1706.0,1706.0,1.0,0.55,0.29,0.0,0.0,0.275,0.275,0.9818181818181818,-0.24137931034482762,0.1,3.0,0.0,0.88
360.0,36.0,0.0,1701.0,1701.0,1.0,0.55,0.29,0.0,0.0,0.275,0.275,0.9818181818181818,-0.24137931034482762,0.1,3.0,0.0,0.88
361.0,36.1,0.0,1738.0,1738.0,1.0,0.55,0.29,0.0,0.0,0.275,0.275,0.9818181818181818,-0.24137931034482762,0.1,3.0,0.0,0.88
362.0,36.2,0.0,1750.0,1750.0,1.0,0.55,0.29,0.0,0.0,0.275,0.275,0.9818181818181818,-0.24137931034482762,0.1,3.0,0.0,0.88
363.0,36.300000000000004,0.0,1762.0,1762.0,1.0,0.55,0.29,0.0,0.0,0.275,0.275,0.9818181818181818,-0.24137931034482762,0.1,3.0,0.0,0.88
364.0,36.4,0.0,1811.0,1811.0,1.0,0.55,0.29,0.0,0.0,0.275,0.275,0.9818181818181818,-0.24137931034482762,0.1,3.0,0.0,0.88
365.0,36.5,0.0,1802.0,1802.0,1.0,0.55,0.29,0.0,0.0,0.275,0.275,0.9818181818181818,-0.24137931034482762,0.1,3.0,0.0,0.88
366.0,36.6,0.0,1822.0,1822.0,1.0,0.55,0.29,0.0,0.0,0.275,0.275,0.9818181818181818,-0.24137931034482762,0.1,3.0,0.0,0.88
367.0,36.7,0.0,1854.0,1854.0,1.0,0.55,0.29,0.0,0.0,0.275,0.275,0.9818181818181818,-0.24137931034482762,0.1,3.0,0.0,0.88
368.0,36.800000000000004,0.0,1861.0,1861.0,1.0,0.55,0.29,0.0,0.0,0.275,0.275,0.9818181818181818,-0.24137931034482762,0.1,3.0,0.0,0.88
369.0,36.9,0.0,1856.0,1856.0,1.0,0.55,0.29,0.0,0.0,0.275,0.275,0.9818181818181818,-0.24137931034482762,0.1,3.0,0.0,0.88
370.0,37.0,0.0,1860.0,1860.0,1.0,0.55,0.29,0.0,0.0,0.275,0.275,0.9818181818181818,-0.24137931034482762,0.1,3.0,0.0,0.88
371.0,37.1,0.0,1859.0,1859.0,1.0,0.55,0.29,0.0,0.0,0.275,0.275,0.9818181818181818,-0.24137931034482762,0.1,3.0,0.0,0.88
372.0,37.2,0.0,1856.0,1856.0,1.0,0.55,0.29,0.0,0.0,0.275,0.275,0.9818181818181818,-0.24137931034482762,0.1,3.0,0.0,0.88
373.0,37.300000000000004,0.0,1860.0,1860.0,1.0,0.55,0.29,0.0,0.0,0.275,0.275,0.9818181818181818,-0.24137931034482762,0.1,3.0,0.0,0.88
374.0,37.4,0.0,1857.0,1857.0,1.0,0.55,0.29,0.0,0.0,0.275,0.275,0.9818181818181818,-0.24137931034482762,0.1,3.0,0.0,0.88
375.0,37.5,0.0,1870.0,1870.0,1.0,0.55,0.29,0.0,0.0,0.275,0.275,0.9818181818181818,-0.24137931034482762,0.1,3.0,0.0,0.88
376.0,37.6,0.0,1898.0,1898.0,1.0,0.55,0.29,0.0,0.0,0.275,0.275,0.9818181818181818,-0.24137931034482762,0.1,3.0,0.0,0.88
377.0,37.7,0.0,1907.0,1907.0,1.0,0.55,0.29,0.0,0.0,0.275,0.275,0.9818181818181818,-0.24137931034482762,0.1,3.0,0.0,0.88
378.0,37.800000000000004,0.0,1930.0,1930.0,1.0,0.55,0.29,0.0,0.0,0.275,0.275,0.9818181818181818,-0.24137931034482762,0.1,3.0,0.0,0.88
379.0,37.9,0.0,1955.0,1955.0,1.0,0.55,0.29,0.0,0.0,0.275,0.275,0.9818181818181818,-0.24137931034482762,0.1,3.0,0.0,0.88
380.0,38.0,0.0,1966.0,1966.0,1.0,0.55,0.29,0.0,0.0,0.275,0.275,0.9818181818181818,-0.24137931034482762,0.1,3.0,0.0,0.88
381.0,38.1,0.0,1987.0,1987.0,1.0,0.55,0.29,0.0,0.0,0.275,0.275,0.9818181818181818,-0.24137931034482762,0.1,3.0,0.0,0.88
382.0,38.2,0.0,1999.0,1999.0,1.0,0.55,0.29,0.0,0.0,0.275,0.275,0.9818181818181818,-0.24137931034482762,0.1,3.0,0.0,0.88
383.0,38.300000000000004,0.0,2022.0,2022.0,1.0,0.55,0.29,0.0,0.0,0.275,0.275,0.9818181818181818,-0.24137931034482762,0.1,3.0,0.0,0.88
384.0,38.400000000000006,0.0,2049.0,2049.0,1.0,0.55,0.29,0.0,0.0,0.275,0.275,0.9818181818181818,-0.24137931034482762,0.1,3.0,0.0,0.88
385.0,38.5,0.0,2069.0,2069.0,1.0,0.55,0.29,0.0,0.0,0.275,0.275,0.9818181818181818,-0.24137931034482762,0.1,3.0,0.0,0.88
386.0,38.6,0.0,2075.0,2075.0,1.0,0.55,0.29,0.0,0.0,0.275,0.275,0.9818181818181818,-0.24137931034482762,0.1,3.0,0.0,0.88
387.0,38.7,0.0,2088.0,2088.0,1.0,0.55,0.29,0.0,0.0,0.275,0.275,0.9818181818181818,-0.24137931034482762,0.1,3.0,0.0,0.88
388.0,38.800000000000004,0.0,2110.0,2110.0,1.0,0.55,0.29,0.0,0.0,0.275,0.275,0.9818181818181818,-0.24137931034482762,0.1,3.0,0.0,0.88
389.0,38.900000000000006,0.0,2118.0,2118.0,1.0,0.55,0.29,0.0,0.0,0.275,0.275,0.9818181818181818,-0.24137931034482762,0.1,3.0,0.0,0.88
390.0,39.0,0.0,2121.0,2121.0,1.0,0.55,0.29,0.0,0.0,0.275,0.275,0.9818181818181818,-0.24137931034482762,0.1,3.0,0.0,0.88
391.0,39.1,0.0,2125.0,2125.0,1.0,0.55,0.29,0.0,0.0,0.275,0.275,0.9818181818181818,-0.24137931034482762,0.1,3.0,0.0,0.88
392.0,39.2,0.0,2131.0,2131.0,1.0,0.55,0.29,0.0,0.0,0.275,0.275,0.9818181818181818,-0.24137931034482762,0.1,3.0,0.0,0.88
393.0,39.300000000000004,0.0,2163.0,2163.0,1.0,0.55,0.29,0.0,0.0,0.275,0.275,0.9818181818181818,-0.24137931034482762,0.1,3.0,0.0,0.88
394.0,39.400000000000006,0.0,2188.0,2188.0,1.0,0.55,0.29,0.0,0.0,0.275,0.275,0.9818181818181818,-0.24137931034482762,0.1,3.0,0.0,0.88
395.0,39.5,0.0,2203.0,2203.0,1.0,0.55,0.29,0.0,0.0,0.275,0.275,0.9818181818181818,-0.24137931034482762,0.1,3.0,0.0,0.88
396.0,39.6,0.0,2244.0,2244.0,1.0,0.55,0.29,0.0,0.0,0.275,0.275,0.9818181818181818,-0.24137931034482762,0.1,3.0,0.0,0.88
397.0,39.7,0.0,2268.0,2268.0,1.0,0.55,0.29,0.0,0.0,0.275,0.275,0.9818181818181818,-0.24137931034482762,0.1,3.0,0.0,0.88
398.0,39.800000000000004,0.0,2273.0,2273.0,1.0,0.55,0.29,0.0,0.0,0.275,0.275,0.9818181818181818,-0.24137931034482762,0.1,3.0,0.0,0.88
399.0,39.900000000000006,0.0,2271.0,2271.0,1.0,0.55,0.29,0.0,0.0,0.275,0.275,0.9818181818181818,-0.24137931034482762,0.1,3.0,0.0,0.88
400.0,40.0,0.0,2288.0,2288.0,1.0,0.55,0.29,0.0,0.0,0.275,0.275,0.9818181818181818,-0.24137931034482762,0.1,3.0,0.0,0.88
401.0,40.1,0.0,2283.0,2283.0,1.0,0.55,0.29,0.0,0.0,0.275,0.275,0.9818181818181818,-0.24137931034482762,0.1,3.0,0.0,0.88
402.0,40.2,0.0,2288.0,2288.0,1.0,0.55,0.29,0.0,0.0,0.275,0.275,0.9818181818181818,-0.24137931034482762,0.1,3.0,0.0,0.88
403.0,40.300000000000004,0.0,2294.0,2294.0,1.0,0.55,0.29,0.0,0.0,0.275,0.275,0.9818181818181818,-0.24137931034482762,0.1,3.0,0.0,0.88
404.0,40.400000000000006,0.0,2323.0,2323.0,1.0,0.55,0.29,0.0,0.0,0.275,0.275,0.9818181818181818,-0.24137931034482762,0.1,3.0,0.0,0.88
405.0,40.5,0.0,2326.0,2326.0,1.0,0.55,0.29,0.0,0.0,0.275,0.275,0.9818181818181818,-0.24137931034482762,0.1,3.0,0.0,0.88
406.0,40.6,0.0,2352.0,2352.0,1.0,0.55,0.29,0.0,0.0,0.275,0.275,0.9818181818181818,-0.24137931034482762,0.1,3.0,0.0,0.88
407.0,40.7,0.0,2372.0,2372.0,1.0,0.55,0.29,0.0,0.0,0.275,0.275,0.9818181818181818,-0.24137931034482762,0.1,3.0,0.0,0.88
408.0,40.800000000000004,0.0,2384.0,2384.0,1.0,0.55,0.29,0.0,0.0,0.275,0.275,0.9818181818181818,-0.24137931034482762,0.1,3.0,0.0,0.88
409.0,40.900000000000006,0.0,2378.0,2378.0,1.0,0.55,0.29,0.0,0.0,0.275,0.275,0.9818181818181818,-0.24137931034482762,0.1,3.0,0.0,0.88
410.0,41.0,0.0,2390.0,2390.0,1.0,0.55,0.29,0.0,0.0,0.275,0.275,0.9818181818181818,-0.24137931034482762,0.1,3.0,0.0,0.88
411.0,41.1,0.0,2405.0,2405.0,1.0,0.55,0.29,0.0,0.0,0.275,0.275,0.9818181818181818,-0.24137931034482762,0.1,3.0,0.0,0.88
412.0,41.2,0.0,2411.0,2411.0,1.0,0.55,0.29,0.0,0.0,0.275,0.275,0.9818181818181818,-0.24137931034482762,0.1,3.0,0.0,0.88
413.0,41.300000000000004,0.0,2418.0,2418.0,1.0,0.55,0.29,0.0,0.0,0.275,0.275,0.9818181818181818,-0.24137931034482762,0.1,3.0,0.0,0.88
414.0,41.400000000000006,0.0,2433.0,2433.0,1.0,0.55,0.29,0.0,0.0,0.275,0.275,0.9818181818181818,-0.24137931034482762,0.1,3.0,0.0,0.88
415.0,41.5,0.0,2442.0,2442.0,1.0,0.55,0.29,0.0,0.0,0.275,0.275,0.9818181818181818,-0.24137931034482762,0.1,3.0,0.0,0.88
416.0,41.6,0.0,2443.0,2443.0,1.0,0.55,0.29,0.0,0.0,0.275,0.275,0.9818181818181818,-0.24137931034482762,0.1,3.0,0.0,0.88
417.0,41.7,0.0,2449.0,2449.0,1.0,0.55,0.29,0.0,0.0,0.275,0.275,0.9818181818181818,-0.24137931034482762,0.1,3.0,0.0,0.88
418.0,41.800000000000004,0.0,2466.0,2466.0,1.0,0.55,0.29,0.0,0.0,0.275,0.275,0.9818181818181818,-0.24137931034482762,0.1,3.0,0.0,0.88
419.0,41.900000000000006,0.0,2468.0,2468.0,1.0,0.55,0.29,0.0,0.0,0.275,0.275,0.9818181818181818,-0.24137931034482762,0.1,3.0,0.0,0.88
420.0,42.0,0.0,2486.0,2486.0,1.0,0.55,0.29,0.0,0.0,0.275,0.275,0.9818181818181818,-0.24137931034482762,0.1,3.0,0.0,0.88
421.0,42.1,0.0,2496.0,2496.0,1.0,0.55,0.29,0.0,0.0,0.275,0.275,0.9818181818181818,-0.24137931034482762,0.1,3.0,0.0,0.88
422.0,42.2,0.0,2498.0,2498.0,1.0,0.55,0.29,0.0,0.0,0.275,0.275,0.9818181818181818,-0.24137931034482762,0.1,3.0,0.0,0.88
423.0,42.300000000000004,0.0,2511.0,2511.0,1.0,0.55,0.29,0.0,0.0,0.275,0.275,0.9818181818181818,-0.24137931034482762,0.1,3.0,0.0,0.88
424.0,42.400000000000006,0.0,2533.0,2533.0,1.0,0.55,0.29,0.0,0.0,0.275,0.275,0.9818181818181818,-0.24137931034482762,0.1,3.0,0.0,0.88
425.0,42.5,0.0,2546.0,2546.0,1.0,0.55,0.29,0.0,0.0,0.275,0.275,0.9818181818181818,-0.24137931034482762,0.1,3.0,0.0,0.88
426.0,42.6,0.0,2569.0,2569.0,1.0,0.55,0.29,0.0,0.0,0.275,0.275,0.9818181818181818,-0.24137931034482762,0.1,3.0,0.0,0.88
427.0,42.7,0.0,2591.0,2591.0,1.0,0.55,0.29,0.0,0.0,0.275,0.275,0.9818181818181818,-0.24137931034482762,0.1,3.0,0.0,0.88
428.0,42.800000000000004,0.0,2602.0,2602.0,1.0,0.55,0.29,0.0,0.0,0.275,0.275,0.9818181818181818,-0.24137931034482762,0.1,3.0,0.0,0.88
429.0,42.900000000000006,0.0,2615.0,2615.0,1.0,0.55,0.29,0.0,0.0,0.275,0.275,0.9818181818181818,-0.24137931034482762,0.1,3.0,0.0,0.88
430.0,43.0,0.0,2610.0,2610.0,1.0,0.55,0.29,0.0,0.0,0.275,0.275,0.9818181818181818,-0.24137931034482762,0.1,3.0,0.0,0.88
431.0,43.1,0.0,2635.0,2635.0,1.0,0.55,0.29,0.0,0.0,0.275,0.275,0.9818181818181818,-0.24137931034482762,0.1,3.0,0.0,0.88
432.0,43.2,0.0,2656.0,2656.0,1.0,0.55,0.29,0.0,0.0,0.275,0.275,0.9818181818181818,-0.24137931034482762,0.1,3.0,0.0,0.88
433.0,43.300000000000004,0.0,2662.0,2662.0,1.0,0.55,0.29,0.0,0.0,0.275,0.275,0.9818181818181818,-0.24137931034482762,0.1,3.0,0.0,0.88
434.0,43.400000000000006,0.0,2670.0,2670.0,1.0,0.55,0.29,0.0,0.0,0.275,0.275,0.9818181818181818,-0.24137931034482762,0.1,3.0,0.0,0.88
435.0,43.5,0.0,2693.0,2693.0,1.0,0.55,0.29,0.0,0.0,0.275,0.275,0.9818181818181818,-0.24137931034482762,0.1,3.0,0.0,0.88
436.0,43.6,0.0,2697.0,2697.0,1.0,0.55,0.29,0.0,0.0,0.275,0.275,0.9818181818181818,-0.24137931034482762,0.1,3.0,0.0,0.88
437.0,43.7,0.0,2741.0,2741.0,1.0,0.55,0.29,0.0,0.0,0.275,0.275,0.9818181818181818,-0.24137931034482762,0.1,3.0,0.0,0.88
438.0,43.800000000000004,0.0,2759.0,2759.0,1.0,0.55,0.29,0.0,0.0,0.275,0.275,0.9818181818181818,-0.24137931034482762,0.1,3.0,0.0,0.88
439.0,43.900000000000006,0.0,2786.0,2786.0,1.0,0.55,0.29,0.0,0.0,0.275,0.275,0.9818181818181818,-0.24137931034482762,0.1,3.0,0.0,0.88
440.0,44.0,0.0,2808.0,2808.0,1.0,0.55,0.29,0.0,0.0,0.275,0.275,0.9818181818181818,-0.24137931034482762,0.1,3.0,0.0,0.88
441.0,44.1,0.0,2845.0,2845.0,1.0,0.55,0.29,0.0,0.0,0.275,0.275,0.9818181818181818,-0.24137931034482762,0.1,3.0,0.0,0.88
442.0,44.2,0.0,2879.0,2879.0,1.0,0.55,0.29,0.0,0.0,0.275,0.275,0.9818181818181818,-0.24137931034482762,0.1,3.0,0.0,0.88
443.0,44.300000000000004,0.0,2893.0,2893.0,1.0,0.55,0.29,0.0,0.0,0.275,0.275,0.9818181818181818,-0.24137931034482762,0.1,3.0,0.0,0.88
444.0,44.400000000000006,0.0,2928.0,2928.0,1.0,0.55,0.29,0.0,0.0,0.275,0.275,0.9818181818181818,-0.24137931034482762,0.1,3.0,0.0,0.88
445.0,44.5,0.0,2940.0,2940.0,1.0,0.55,0.29,0.0,0.0,0.275,0.275,0.9818181818181818,-0.24137931034482762,0.1,3.0,0.0,0.88
446.0,44.6,0.0,2961.0,2961.0,1.0,0.55,0.29,0.0,0.0,0.275,0.275,0.9818181818181818,-0.24137931034482762,0.1,3.0,0.0,0.88
447.0,44.7,0.0,2952.0,2952.0,1.0,0.55,0.29,0.0,0.0,0.275,0.275,0.9818181818181818,-0.24137931034482762,0.1,3.0,0.0,0.88
448.0,44.800000000000004,0.0,2980.0,2980.0,1.0,0.55,0.29,0.0,0.0,0.275,0.275,0.9818181818181818,-0.24137931034482762,0.1,3.0,0.0,0.88
449.0,44.900000000000006,0.0,2986.0,2986.0,1.0,0.55,0.29,0.0,0.0,0.275,0.275,0.9818181818181818,-0.24137931034482762,0.1,3.0,0.0,0.88
450.0,45.0,0.0,3001.0,3001.0,1.0,0.55,0.29,0.0,0.0,0.275,0.275,0.9818181818181818,-0.24137931034482762,0.1,3.0,0.0,0.88
451.0,45.1,0.0,3024.0,3024.0,1.0,0.55,0.29,0.0,0.0,0.275,0.275,0.9818181818181818,-0.24137931034482762,0.1,3.0,0.0,0.88
452.0,45.2,0.0,3049.0,3049.0,1.0,0.55,0.29,0.0,0.0,0.275,0.275,0.9818181818181818,-0.24137931034482762,0.1,3.0,0.0,0.88
453.0,45.300000000000004,0.0,3056.0,3056.0,1.0,0.55,0.29,0.0,0.0,0.275,0.275,0.9818181818181818,-0.24137931034482762,0.1,3.0,0.0,0.88
454.0,45.400000000000006,0.0,3077.0,3077.0,1.0,0.55,0.29,0.0,0.0,0.275,0.275,0.9818181818181818,-0.24137931034482762,0.1,3.0,0.0,0.88
455.0,45.5,0.0,3069.0,3069.0,1.0,0.55,0.29,0.0,0.0,0.275,0.275,0.9818181818181818,-0.24137931034482762,0.1,3.0,0.0,0.88
456.0,45.6,0.0,3095.0,3095.0,1.0,0.55,0.29,0.0,0.0,0.275,0.275,0.9818181818181818,-0.24137931034482762,0.1,3.0,0.0,0.88
457.0,45.7,0.0,3100.0,3100.0,1.0,0.55,0.29,0.0,0.0,0.275,0.275,0.9818181818181818,-0.24137931034482762,0.1,3.0,0.0,0.88
458.0,45.800000000000004,0.0,3121.0,3121.0,1.0,0.55,0.29,0.0,0.0,0.275,0.275,0.9818181818181818,-0.24137931034482762,0.1,3.0,0.0,0.88
459.0,45.900000000000006,0.0,3136.0,3136.0,1.0,0.55,0.29,0.0,0.0,0.275,0.275,0.9818181818181818,-0.24137931034482762,0.1,3.0,0.0,0.88
460.0,46.0,0.0,3131.0,3131.0,1.0,0.55,0.29,0.0,0.0,0.275,0.275,0.9818181818181818,-0.24137931034482762,0.1,3.0,0.0,0.88
461.0,46.1,0.0,3130.0,3130.0,1.0,0.55,0.29,0.0,0.0,0.275,0.275,0.9818181818181818,-0.24137931034482762,0.1,3.0,0.0,0.88
462.0,46.2,0.0,3154.0,3154.0,1.0,0.55,0.29,0.0,0.0,0.275,0.275,0.9818181818181818,-0.24137931034482762,0.1,3.0,0.0,0.88
463.0,46.300000000000004,0.0,3191.0,3191.0,1.0,0.55,0.29,0.0,0.0,0.275,0.275,0.9818181818181818,-0.24137931034482762,0.1,3.0,0.0,0.88
464.0,46.400000000000006,0.0,3213.0,3213.0,1.0,0.55,0.29,0.0,0.0,0.275,0.275,0.9818181818181818,-0.24137931034482762,0.1,3.0,0.0,0.88
465.0,46.5,0.0,3232.0,3232.0,1.0,0.55,0.29,0.0,0.0,0.275,0.275,0.9818181818181818,-0.24137931034482762,0.1,3.0,0.0,0.88
466.0,46.6,0.0,3244.0,3244.0,1.0,0.55,0.29,0.0,0.0,0.275,0.275,0.9818181818181818,-0.24137931034482762,0.1,3.0,0.0,0.88
467.0,46.7,0.0,3247.0,3247.0,1.0,0.55,0.29,0.0,0.0,0.275,0.275,0.9818181818181818,-0.24137931034482762,0.1,3.0,0.0,0.88
468.0,46.800000000000004,0.0,3250.0,3250.0,1.0,0.55,0.29,0.0,0.0,0.275,0.275,0.9818181818181818,-0.24137931034482762,0.1,3.0,0.0,0.88
469.0,46.900000000000006,0.0,3278.0,3278.0,1.0,0.55,0.29,0.0,0.0,0.275,0.275,0.9818181818181818,-0.24137931034482762,0.1,3.0,0.0,0.88
470.0,47.0,0.0,3301.0,3301.0,1.0,0.55,0.29,0.0,0.0,0.275,0.275,0.9818181818181818,-0.24137931034482762,0.1,3.0,0.0,0.88
471.0,47.1,0.0,3313.0,3313.0,1.0,0.55,0.29,0.0,0.0,0.275,0.275,0.9818181818181818,-0.24137931034482762,0.1,3.0,0.0,0.88
472.0,47.2,0.0,3332.0,3332.0,1.0,0.55,0.29,0.0,0.0,0.275,0.275,0.9818181818181818,-0.24137931034482762,0.1,3.0,0.0,0.88
473.0,47.300000000000004,0.0,3350.0,3350.0,1.0,0.55,0.29,0.0,0.0,0.275,0.275,0.9818181818181818,-0.24137931034482762,0.1,3.0,0.0,0.88
474.0,47.400000000000006,0.0,3366.0,3366.0,1.0,0.55,0.29,0.0,0.0,0.275,0.275,0.9818181818181818,-0.24137931034482762,0.1,3.0,0.0,0.88
475.0,47.5,0.0,3347.0,3347.0,1.0,0.55,0.29,0.0,0.0,0.275,0.275,0.9818181818181818,-0.24137931034482762,0.1,3.0,0.0,0.88
476.0,47.6,0.0,3355.0,3355.0,1.0,0.55,0.29,0.0,0.0,0.275,0.275,0.9818181818181818,-0.24137931034482762,0.1,3.0,0.0,0.88
477.0,47.7,0.0,3368.0,3368.0,1.0,0.55,0.29,0.0,0.0,0.275,0.275,0.9818181818181818,-0.24137931034482762,0.1,3.0,0.0,0.88
478.0,47.800000000000004,0.0,3373.0,3373.0,1.0,0.55,0.29,0.0,0.0,0.275,0.275,0.9818181818181818,-0.24137931034482762,0.1,3.0,0.0,0.88
479.0,47.900000000000006,0.0,3386.0,3386.0,1.0,0.55,0.29,0.0,0.0,0.275,0.275,0.9818181818181818,-0.24137931034482762,0.1,3.0,0.0,0.88
480.0,48.0,0.0,3380.0,3380.0,1.0,0.55,0.29,0.0,0.0,0.275,0.275,0.9818181818181818,-0.24137931034482762,0.1,3.0,0.0,0.88
481.0,48.1,0.0,3398.0,3398.0,1.0,0.55,0.29,0.0,0.0,0.275,0.275,0.9818181818181818,-0.24137931034482762,0.1,3.0,0.0,0.88
482.0,48.2,0.0,3415.0,3415.0,1.0,0.55,0.29,0.0,0.0,0.275,0.275,0.9818181818181818,-0.24137931034482762,0.1,3.0,0.0,0.88
483.0,48.300000000000004,0.0,3410.0,3410.0,1.0,0.55,0.29,0.0,0.0,0.275,0.275,0.9818181818181818,-0.24137931034482762,0.1,3.0,0.0,0.88
484.0,48.400000000000006,0.0,3426.0,3426.0,1.0,0.55,0.29,0.0,0.0,0.275,0.275,0.9818181818181818,-0.24137931034482762,0.1,3.0,0.0,0.88
485.0,48.5,0.0,3447.0,3447.0,1.0,0.55,0.29,0.0,0.0,0.275,0.275,0.9818181818181818,-0.24137931034482762,0.1,3.0,0.0,0.88
486.0,48.6,0.0,3478.0,3478.0,1.0,0.55,0.29,0.0,0.0,0.275,0.275,0.9818181818181818,-0.24137931034482762,0.1,3.0,0.0,0.88
487.0,48.7,0.0,3495.0,3495.0,1.0,0.55,0.29,0.0,0.0,0.275,0.275,0.9818181818181818,-0.24137931034482762,0.1,3.0,0.0,0.88
488.0,48.800000000000004,0.0,3488.0,3488.0,1.0,0.55,0.29,0.0,0.0,0.275,0.275,0.9818181818181818,-0.24137931034482762,0.1,3.0,0.0,0.88
489.0,48.900000000000006,0.0,3482.0,3482.0,1.0,0.55,0.29,0.0,0.0,0.275,0.275,0.9818181818181818,-0.24137931034482762,0.1,3.0,0.0,0.88
490.0,49.0,0.0,3511.0,3511.0,1.0,0.55,0.29,0.0,0.0,0.275,0.275,0.9818181818181818,-0.24137931034482762,0.1,3.0,0.0,0.88
491.0,49.1,0.0,3513.0,3513.0,1.0,0.55,0.29,0.0,0.0,0.275,0.275,0.9818181818181818,-0.24137931034482762,0.1,3.0,0.0,0.88
492.0,49.2,0.0,3537.0,3537.0,1.0,0.55,0.29,0.0,0.0,0.275,0.275,0.9818181818181818,-0.24137931034482762,0.1,3.0,0.0,0.88
493.0,49.300000000000004,0.0,3552.0,3552.0,1.0,0.55,0.29,0.0,0.0,0.275,0.275,0.9818181818181818,-0.24137931034482762,0.1,3.0,0.0,0.88
494.0,49.400000000000006,0.0,3547.0,3547.0,1.0,0.55,0.29,0.0,0.0,0.275,0.275,0.9818181818181818,-0.24137931034482762,0.1,3.0,0.0,0.88
495.0,49.5,0.0,3566.0,3566.0,1.0,0.55,0.29,0.0,0.0,0.275,0.275,0.9818181818181818,-0.24137931034482762,0.1,3.0,0.0,0.88
496.0,49.6,0.0,3610.0,3610.0,1.0,0.55,0.29,0.0,0.0,0.275,0.275,0.9818181818181818,-0.24137931034482762,0.1,3.0,0.0,0.88
497.0,49.7,0.0,3604.0,3604.0,1.0,0.55,0.29,0.0,0.0,0.275,0.275,0.9818181818181818,-0.24137931034482762,0.1,3.0,0.0,0.88
498.0,49.800000000000004,0.0,3627.0,3627.0,1.0,0.55,0.29,0.0,0.0,0.275,0.275,0.9818181818181818,-0.24137931034482762,0.1,3.0,0.0,0.88
499.0,49.900000000000006,0.0,3645.0,3645.0,1.0,0.55,0.29,0.0,0.0,0.275,0.275,0.9818181818181818,-0.24137931034482762,0.1,3.0,0.0,0.88
500.0,50.0,0.0,3675.0,3675.0,1.0,0.55,0.29,0.0,0.0,0.275,0.275,0.9818181818181818,-0.24137931034482762,0.1,3.0,0.0,0.88
